"file","from","to","line"
"src/backup/config.ts","backupConfigPath","join",24
"src/backup/config.ts","configureBackup","validateBucket",28
"src/backup/config.ts","configureBackup","backupConfigPath",29
"src/backup/config.ts","configureBackup","existsSync",30
"src/backup/config.ts","configureBackup","readBackupConfig",31
"src/backup/config.ts","configureBackup","assertCompatible",32
"src/backup/config.ts","configureBackup","randomUUID",39
"src/backup/config.ts","configureBackup","randomUUID",40
"src/backup/config.ts","configureBackup","decodeBackupConfig",43
"src/backup/config.ts","configureBackup","encodeJson",43
"src/backup/config.ts","configureBackup","writeConfig",44
"src/backup/config.ts","readBackupConfig","backupConfigPath",49
"src/backup/config.ts","readBackupConfig","existsSync",50
"src/backup/config.ts","readBackupConfig","decodeBackupConfig",55
"src/backup/config.ts","readBackupConfig","readFileSync",55
"src/backup/config.ts","writeConfig","mkdirSync",59
"src/backup/config.ts","writeConfig","dirname",59
"src/backup/config.ts","writeConfig","randomUUID",60
"src/backup/config.ts","writeConfig","writeFileSync",62
"src/backup/config.ts","writeConfig","encodeJson",62
"src/backup/config.ts","writeConfig","renameSync",63
"src/backup/config.ts","writeConfig","rmSync",65
"src/backup/contracts.ts","generationPrefix","projectPrefix",54
"src/backup/contracts.ts","databaseObjectKey","generationPrefix",61
"src/backup/contracts.ts","manifestObjectKey","generationPrefix",68
"src/backup/contracts.ts","headObjectKey","projectPrefix",72
"src/backup/contracts.ts","encodeJson","JSON.stringify",76
"src/backup/contracts.ts","decodeBackupConfig","parseObject",80
"src/backup/contracts.ts","decodeBackupConfig","assertVersion",81
"src/backup/contracts.ts","decodeBackupConfig","requiredString",84
"src/backup/contracts.ts","decodeBackupConfig","requiredUuid",85
"src/backup/contracts.ts","decodeBackupConfig","requiredUuid",86
"src/backup/contracts.ts","decodeBackupConfig","requiredDate",87
"src/backup/contracts.ts","decodeBackupManifest","parseObject",92
"src/backup/contracts.ts","decodeBackupManifest","assertVersion",93
"src/backup/contracts.ts","decodeBackupManifest","requiredObject",94
"src/backup/contracts.ts","decodeBackupManifest","requiredObject",95
"src/backup/contracts.ts","decodeBackupManifest","Array.isArray",98
"src/backup/contracts.ts","decodeBackupManifest","tables.every",99
"src/backup/contracts.ts","decodeBackupManifest","requiredUuid",105
"src/backup/contracts.ts","decodeBackupManifest","requiredGeneration",106
"src/backup/contracts.ts","decodeBackupManifest","optionalGeneration",107
"src/backup/contracts.ts","decodeBackupManifest","requiredDate",108
"src/backup/contracts.ts","decodeBackupManifest","requiredUuid",109
"src/backup/contracts.ts","decodeBackupManifest","requiredString",111
"src/backup/contracts.ts","decodeBackupManifest","requiredSha256Algorithm",112
"src/backup/contracts.ts","decodeBackupManifest","requiredDigest",113
"src/backup/contracts.ts","decodeBackupManifest","requiredNonnegativeInteger",114
"src/backup/contracts.ts","decodeBackupManifest","requiredString",117
"src/backup/contracts.ts","decodeBackupManifest","optionalNonnegativeInteger",118
"src/backup/contracts.ts","decodeBackupManifest","optionalString",122
"src/backup/contracts.ts","decodeBackupHead","parseObject",129
"src/backup/contracts.ts","decodeBackupHead","assertVersion",130
"src/backup/contracts.ts","decodeBackupHead","requiredUuid",133
"src/backup/contracts.ts","decodeBackupHead","requiredGeneration",134
"src/backup/contracts.ts","decodeBackupHead","requiredString",135
"src/backup/contracts.ts","decodeBackupHead","requiredUuid",136
"src/backup/contracts.ts","decodeBackupHead","requiredDate",137
"src/backup/contracts.ts","bytesDigest","createHash",142
"src/backup/contracts.ts","parseObject","JSON.parse",151
"src/backup/contracts.ts","parseObject","String",153
"src/backup/contracts.ts","parseObject","isObject",156
"src/backup/contracts.ts","assertVersion","String",163
"src/backup/contracts.ts","requiredObject","isObject",173
"src/backup/contracts.ts","optionalString","requiredString",191
"src/backup/contracts.ts","requiredUuid","requiredString",195
"src/backup/contracts.ts","requiredUuid","field.toLowerCase",203
"src/backup/contracts.ts","requiredGeneration","requiredString",210
"src/backup/contracts.ts","optionalGeneration","requiredGeneration",222
"src/backup/contracts.ts","requiredDate","requiredString",226
"src/backup/contracts.ts","requiredDate","Number.isFinite",227
"src/backup/contracts.ts","requiredDate","Date.parse",227
"src/backup/contracts.ts","requiredDigest","requiredString",233
"src/backup/contracts.ts","requiredNonnegativeInteger","Number.isSafeInteger",243
"src/backup/contracts.ts","optionalNonnegativeInteger","requiredNonnegativeInteger",254
"src/backup/contracts.ts","isObject","Array.isArray",265
"src/backup/database-metadata.ts","inspectSnapshotMetadata","withSnapshotFile",23
"src/backup/database-metadata.ts","inspectSnapshotMetadata","readDatabaseSnapshot",24
"src/backup/database-metadata.ts","inspectSnapshotMetadata","assertRequiredTables",44
"src/backup/database-metadata.ts","inspectSnapshotMetadata","readApplicationVersion",46
"src/backup/database-metadata.ts","inspectSnapshotMetadata","sqlite.close",52
"src/backup/database-metadata.ts","withSnapshotFile","mkdtempSync",83
"src/backup/database-metadata.ts","withSnapshotFile","join",83
"src/backup/database-metadata.ts","withSnapshotFile","tmpdir",83
"src/backup/database-metadata.ts","withSnapshotFile","chmodSync",84
"src/backup/database-metadata.ts","withSnapshotFile","join",85
"src/backup/database-metadata.ts","withSnapshotFile","writeFileSync",87
"src/backup/database-metadata.ts","withSnapshotFile","operation",88
"src/backup/database-metadata.ts","withSnapshotFile","rmSync",90
"src/backup/database-metadata.ts","assertRequiredTables","REQUIRED_TABLES.filter",95
"src/backup/database-metadata.ts","assertRequiredTables","tables.includes",95
"src/backup/database-metadata.ts","assertRequiredTables","missing.join",98
"src/backup/database-metadata.ts","readApplicationVersion","JSON.parse",105
"src/backup/database-metadata.ts","readApplicationVersion","readFileSync",105
"src/backup/object-store.ts","get","withPrivateTempDirectory",38
"src/backup/object-store.ts","get","join",39
"src/backup/object-store.ts","get","readFileSync",49
"src/backup/object-store.ts","get","isMissingObject",50
"src/backup/object-store.ts","get","commandFailure",51
"src/backup/object-store.ts","put","withPrivateTempDirectory",56
"src/backup/object-store.ts","put","join",57
"src/backup/object-store.ts","put","randomUUID",57
"src/backup/object-store.ts","put","writeFileSync",58
"src/backup/object-store.ts","put","commandFailure",70
"src/backup/object-store.ts","#run","spawnSync",75
"src/backup/object-store.ts","putImmutable","store.get",97
"src/backup/object-store.ts","putImmutable","bytesDigest",99
"src/backup/object-store.ts","putImmutable","bytesDigest",99
"src/backup/object-store.ts","putImmutable","store.put",105
"src/backup/object-store.ts","putImmutable","store.get",106
"src/backup/object-store.ts","putImmutable","bytesDigest",107
"src/backup/object-store.ts","putImmutable","bytesDigest",107
"src/backup/object-store.ts","withPrivateTempDirectory","mkdtempSync",119
"src/backup/object-store.ts","withPrivateTempDirectory","join",119
"src/backup/object-store.ts","withPrivateTempDirectory","tmpdir",119
"src/backup/object-store.ts","withPrivateTempDirectory","chmodSync",120
"src/backup/object-store.ts","withPrivateTempDirectory","operation",122
"src/backup/object-store.ts","withPrivateTempDirectory","rmSync",124
"src/backup/service.ts","createBackup","readBackupConfig",43
"src/backup/service.ts","createBackup","prepareCanonicalDatabase",44
"src/backup/service.ts","createBackup","readDatabaseSnapshot",45
"src/backup/service.ts","createBackup","readHead",46
"src/backup/service.ts","createBackup","createGeneration",47
"src/backup/service.ts","createBackup","createManifest",48
"src/backup/service.ts","createBackup","manifestObjectKey",56
"src/backup/service.ts","createBackup","putImmutable",58
"src/backup/service.ts","createBackup","putImmutable",59
"src/backup/service.ts","createBackup","encodeJson",59
"src/backup/service.ts","createBackup","assertHeadUnchanged",60
"src/backup/service.ts","createBackup","publishHead",61
"src/backup/service.ts","createBackup","resultFromManifest",63
"src/backup/service.ts","listBackups","Number.isSafeInteger",71
"src/backup/service.ts","listBackups","readBackupConfig",74
"src/backup/service.ts","listBackups","readHead",75
"src/backup/service.ts","listBackups","visited.has",82
"src/backup/service.ts","listBackups","visited.add",84
"src/backup/service.ts","listBackups","readManifest",85
"src/backup/service.ts","listBackups","manifests.push",86
"src/backup/service.ts","restoreBackup","readBackupConfig",97
"src/backup/service.ts","restoreBackup","requireHead",98
"src/backup/service.ts","restoreBackup","validateGenerationInput",99
"src/backup/service.ts","restoreBackup","readManifest",100
"src/backup/service.ts","restoreBackup","store.get",101
"src/backup/service.ts","restoreBackup","validateDatabaseBytes",104
"src/backup/service.ts","restoreBackup","resolve",106
"src/backup/service.ts","restoreBackup","join",108
"src/backup/service.ts","restoreBackup","canonicalProjectDir",109
"src/backup/service.ts","restoreBackup","publishDatabaseSnapshot",122
"src/backup/service.ts","restoreBackup","resultFromManifest",123
"src/backup/service.ts","createManifest","now.toISOString",138
"src/backup/service.ts","createManifest","databaseObjectKey",141
"src/backup/service.ts","createManifest","inspectSnapshotMetadata",144
"src/backup/service.ts","readHead","store.get",152
"src/backup/service.ts","readHead","headObjectKey",152
"src/backup/service.ts","readHead","decodeBackupHead",154
"src/backup/service.ts","readHead","manifestObjectKey",163
"src/backup/service.ts","requireHead","readHead",174
"src/backup/service.ts","readManifest","validateGenerationInput",184
"src/backup/service.ts","readManifest","manifestObjectKey",185
"src/backup/service.ts","readManifest","store.get",186
"src/backup/service.ts","readManifest","decodeBackupManifest",188
"src/backup/service.ts","readManifest","databaseObjectKey",198
"src/backup/service.ts","assertHeadUnchanged","readHead",210
"src/backup/service.ts","publishHead","now.toISOString",231
"src/backup/service.ts","publishHead","encodeJson",233
"src/backup/service.ts","publishHead","headObjectKey",234
"src/backup/service.ts","publishHead","store.put",235
"src/backup/service.ts","publishHead","store.get",236
"src/backup/service.ts","publishHead","bytesDigest",237
"src/backup/service.ts","publishHead","bytesDigest",237
"src/backup/service.ts","validateDatabaseBytes","bytesDigest",248
"src/backup/service.ts","validateDatabaseBytes","inspectSnapshotMetadata",252
"src/backup/service.ts","validateDatabaseBytes","assertSnapshotMetadata",253
"src/backup/service.ts","createGeneration","now.toISOString",257
"src/backup/service.ts","createGeneration","randomUUID",258
"src/cli.ts","<module>","Symbol",18
"src/cli.ts","main","createProgram",27
"src/cli.ts","main","parseProgram",30
"src/cli.ts","main","clearActiveWorkspaceContext",38
"src/cli.ts","createProgram","addInitCommand",61
"src/cli.ts","createProgram","program.addCommand",62
"src/cli.ts","createProgram","createSetupCommand",62
"src/cli.ts","createProgram","program.addCommand",63
"src/cli.ts","createProgram","createGuideCommand",63
"src/cli.ts","createProgram","program.addCommand",64
"src/cli.ts","createProgram","createSummaryCommand",64
"src/cli.ts","createProgram","program.addCommand",65
"src/cli.ts","createProgram","createMcpCommand",65
"src/cli.ts","createProgram","program.addCommand",66
"src/cli.ts","createProgram","createBackupCommand",66
"src/cli.ts","createProgram","program.addCommand",67
"src/cli.ts","createProgram","createMemoryCommand",67
"src/cli.ts","createProgram","program.addCommand",68
"src/cli.ts","createProgram","createTaskCommand",68
"src/cli.ts","createProgram","program.exitOverride",69
"src/cli.ts","createProgram","registerWorkspaceHooks",70
"src/cli.ts","addInitCommand","runCommand",80
"src/cli.ts","addInitCommand","console.log",88
"src/cli.ts","addInitCommand","console.log",89
"src/cli.ts","addInitCommand","canonicalDbFilePath",90
"src/cli.ts","addInitCommand","resolveWorkspaceContext",90
"src/cli.ts","addInitCommand","console.log",94
"src/cli.ts","addInitCommand","console.log",95
"src/cli.ts","addInitCommand","canonicalDbFilePath",96
"src/cli.ts","addInitCommand","resolveWorkspaceContext",96
"src/cli.ts","addInitCommand","console.log",98
"src/cli.ts","addInitCommand","console.log",99
"src/cli.ts","addInitCommand","console.log",100
"src/cli.ts","addInitCommand","console.log",101
"src/cli.ts","registerWorkspaceHooks","program.hook",108
"src/cli.ts","registerWorkspaceHooks","root.opts",113
"src/cli.ts","registerWorkspaceHooks","process.chdir",115
"src/cli.ts","registerWorkspaceHooks","isMemoryCommand",118
"src/cli.ts","registerWorkspaceHooks","setActiveWorkspaceContext",122
"src/cli.ts","registerWorkspaceHooks","resolveWorkspaceContext",123
"src/cli.ts","registerWorkspaceHooks","process.cwd",123
"src/cli.ts","registerWorkspaceHooks","program.hook",130
"src/cli.ts","registerWorkspaceHooks","isMemoryCommand",131
"src/cli.ts","registerWorkspaceHooks","setActiveWorkspaceContext",142
"src/cli.ts","registerWorkspaceHooks","clearActiveWorkspaceContext",144
"src/cli.ts","parseProgram","program.outputHelp",152
"src/cli.ts","parseProgram","program.parseAsync",156
"src/cli.ts","isMemoryCommand","current.name",162
"src/cli/commands/backup.ts","createBackupCommand","addConfigureCommand",15
"src/cli/commands/backup.ts","createBackupCommand","addCreateCommand",16
"src/cli/commands/backup.ts","createBackupCommand","addListCommand",17
"src/cli/commands/backup.ts","createBackupCommand","addRestoreCommand",18
"src/cli/commands/backup.ts","addConfigureCommand","runCommand",30
"src/cli/commands/backup.ts","addConfigureCommand","resolveWorkspaceContext",33
"src/cli/commands/backup.ts","addConfigureCommand","configureBackup",34
"src/cli/commands/backup.ts","addConfigureCommand","console.log",37
"src/cli/commands/backup.ts","addConfigureCommand","console.log",38
"src/cli/commands/backup.ts","addConfigureCommand","console.log",39
"src/cli/commands/backup.ts","addCreateCommand","runCommand",51
"src/cli/commands/backup.ts","addCreateCommand","resolveWorkspaceContext",54
"src/cli/commands/backup.ts","addCreateCommand","createStore",55
"src/cli/commands/backup.ts","addCreateCommand","createBackup",56
"src/cli/commands/backup.ts","addCreateCommand","console.log",59
"src/cli/commands/backup.ts","addCreateCommand","console.log",60
"src/cli/commands/backup.ts","addCreateCommand","console.log",61
"src/cli/commands/backup.ts","addListCommand","runCommand",74
"src/cli/commands/backup.ts","addListCommand","resolveWorkspaceContext",77
"src/cli/commands/backup.ts","addListCommand","createStore",78
"src/cli/commands/backup.ts","addListCommand","listBackups",79
"src/cli/commands/backup.ts","addListCommand","console.log",83
"src/cli/commands/backup.ts","addListCommand","console.log",87
"src/cli/commands/backup.ts","addRestoreCommand","runCommand",107
"src/cli/commands/backup.ts","addRestoreCommand","resolveWorkspaceContext",110
"src/cli/commands/backup.ts","addRestoreCommand","createStore",111
"src/cli/commands/backup.ts","addRestoreCommand","restoreBackup",112
"src/cli/commands/backup.ts","addRestoreCommand","console.log",118
"src/cli/commands/backup.ts","addRestoreCommand","console.log",119
"src/cli/commands/backup.ts","addRestoreCommand","console.log",120
"src/cli/commands/backup.ts","createStore","readBackupConfig",130
"src/cli/commands/backup.ts","parseLimit","Number",135
"src/cli/commands/backup.ts","parseLimit","Number.isSafeInteger",136
"src/cli/commands/memory/recall-basic-handlers.ts","handleRecallStatus","runMemoryCommand",12
"src/cli/commands/memory/recall-basic-handlers.ts","handleRecallStatus","Effect.gen",14
"src/cli/commands/memory/recall-basic-handlers.ts","handleRecallStatus","getRecallStatus",16
"src/cli/commands/memory/recall-basic-handlers.ts","handleRecallStatus","console.log",19
"src/cli/commands/memory/recall-basic-handlers.ts","handleRecallStatus","console.log",20
"src/cli/commands/memory/recall-basic-handlers.ts","handleRecallStatus","console.log",21
"src/cli/commands/memory/recall-basic-handlers.ts","handleRecallStatus","console.log",22
"src/cli/commands/memory/recall-basic-handlers.ts","handleRecallImport","runMemoryCommand",31
"src/cli/commands/memory/recall-basic-handlers.ts","handleRecallImport","Effect.gen",33
"src/cli/commands/memory/recall-basic-handlers.ts","handleRecallImport","importCanonicalOpencodeRecall",35
"src/cli/commands/memory/recall-basic-handlers.ts","handleRecallImport","parseDate",42
"src/cli/commands/memory/recall-basic-handlers.ts","handleRecallImport","parseRecallLimit",43
"src/cli/commands/memory/recall-basic-handlers.ts","handleRecallImport","makeRecallRepository",45
"src/cli/commands/memory/recall-basic-handlers.ts","handleRecallImport","console.log",49
"src/cli/commands/memory/recall-basic-handlers.ts","handleRecallImport","console.log",50
"src/cli/commands/memory/recall-basic-handlers.ts","handleRecallImport","console.log",51
"src/cli/commands/memory/recall-basic-handlers.ts","handleRecallImport","console.log",52
"src/cli/commands/memory/recall-basic-handlers.ts","handleRecallImport","console.log",53
"src/cli/commands/memory/recall-basic-handlers.ts","parseDate","Number.isNaN",60
"src/cli/commands/memory/recall-basic-handlers.ts","parseDate","date.getTime",60
"src/cli/io.ts","getGlobalOptions","getActiveWorkspaceContext",33
"src/cli/io.ts","getGlobalOptions","process.cwd",38
"src/cli/io.ts","getGlobalOptions","process.cwd",50
"src/cli/io.ts","getGlobalOptions","root.opts",54
"src/cli/io.ts","getGlobalOptions","Boolean",56
"src/cli/io.ts","getGlobalOptions","Boolean",57
"src/cli/io.ts","getGlobalOptions","process.cwd",58
"src/cli/io.ts","readInput","readStdin",73
"src/cli/io.ts","readInput","value.startsWith",79
"src/cli/io.ts","readInput","value.slice",80
"src/cli/io.ts","readInput","readFile",84
"src/cli/io.ts","readJsonInput","readInput",92
"src/cli/io.ts","readJsonInput","JSON.parse",95
"src/cli/io.ts","readJsonInput","raw.trim",95
"src/cli/io.ts","readJsonInput","String",97
"src/cli/io.ts","parseIdList","Array.isArray",104
"src/cli/io.ts","parseIdList","value.flatMap",105
"src/cli/io.ts","parseIdList","item.split",105
"src/cli/io.ts","parseIdList","value.split",106
"src/cli/io.ts","parseIdList","list.map",107
"src/cli/io.ts","parseIdList","item.trim",107
"src/cli/io.ts","runCommand","getGlobalOptions",116
"src/cli/io.ts","runCommand","Date.now",117
"src/cli/io.ts","runCommand","executor",119
"src/cli/io.ts","runCommand","Date.now",124
"src/cli/io.ts","runCommand","console.log",126
"src/cli/io.ts","runCommand","JSON.stringify",126
"src/cli/io.ts","runCommand","render",130
"src/cli/io.ts","runCommand","formatError",136
"src/cli/io.ts","runCommand","Date.now",137
"src/cli/io.ts","runCommand","console.log",139
"src/cli/io.ts","runCommand","JSON.stringify",139
"src/cli/io.ts","runCommand","formatError",143
"src/cli/io.ts","runCommand","console.error",144
"src/cli/io.ts","runMemoryCommand","getWorkspaceContext",154
"src/cli/io.ts","runMemoryCommand","Effect.scoped",155
"src/cli/io.ts","runMemoryCommand","effect.pipe",156
"src/cli/io.ts","runMemoryCommand","Effect.provide",157
"src/cli/io.ts","runMemoryCommand","memoryRuntimeLayer",158
"src/cli/io.ts","runMemoryCommand","runCommand",166
"src/cli/io.ts","runMemoryCommand","prepareCanonicalDatabase",169
"src/cli/io.ts","runMemoryCommand","Effect.runPromise",170
"src/cli/io.ts","runMemoryCommand","Effect.result",170
"src/cli/io.ts","runMemoryCommand","Result.isFailure",171
"src/cli/io.ts","formatError","isContinuumError",179
"src/cli/io.ts","formatError","isCanonicalStorageError",186
"src/cli/io.ts","formatError","String",192
"src/cli/io.ts","formatError","String",198
"src/cli/io.ts","readStdin","resolve",209
"src/db/client.ts","createClient","mkdirSync",22
"src/db/client.ts","createClient","dirname",22
"src/db/client.ts","createClient","configureSqlite",24
"src/db/client.ts","createClient","drizzle",25
"src/db/client.ts","getDbClientByPath","clientCache.get",33
"src/db/client.ts","getDbClientByPath","createClient",35
"src/db/client.ts","getDbClientByPath","clientCache.set",36
"src/db/client.ts","getDbClientByPath","migratedPaths.has",38
"src/db/client.ts","getDbClientByPath","runMigrations",39
"src/db/client.ts","getDbClientByPath","migratedPaths.add",40
"src/db/client.ts","getDbClient","prepareCanonicalDatabase",49
"src/db/client.ts","getDbClient","canonicalDbFilePath",50
"src/db/client.ts","getDbClient","getDbClientByPath",51
"src/db/migrate.ts","runMigrations","applyMigrations",12
"src/db/migrate.ts","migrateDbSync","configureSqlite",17
"src/db/migrate.ts","migrateDbSync","applyMigrations",19
"src/db/migrate.ts","migrateDbSync","sqlite.close",21
"src/db/migrate.ts","migrateDb","migrateDbSync",26
"src/db/migrate.ts","applyMigrations","readMigrationFiles",30
"src/db/migrate.ts","applyMigrations","migrationsFolder",31
"src/db/migrate.ts","applyMigrations","Math.max",37
"src/db/migrate.ts","applyMigrations","migrations.map",38
"src/db/migrate.ts","applyMigrations","isMigrationStateCurrent",41
"src/db/migrate.ts","applyMigrations","sqlite.run",45
"src/db/migrate.ts","applyMigrations","ensureMigrationsTable",47
"src/db/migrate.ts","applyMigrations","readLastAppliedMigrationMillis",48
"src/db/migrate.ts","applyMigrations","Number",53
"src/db/migrate.ts","applyMigrations","statement.trim",59
"src/db/migrate.ts","applyMigrations","sqlite.run",62
"src/db/migrate.ts","applyMigrations","sqlite.run",71
"src/db/migrate.ts","applyMigrations","sqlite.run",73
"src/db/migrate.ts","isMigrationStateCurrent","hasMigrationsTable",82
"src/db/migrate.ts","isMigrationStateCurrent","readLastAppliedMigrationMillis",86
"src/db/migrate.ts","isMigrationStateCurrent","Number",89
"src/db/migrate.ts","ensureMigrationsTable","sqlite.exec",103
"src/db/migrate.ts","readArg","args.indexOf",122
"src/db/migrate.ts","main","readArg",130
"src/db/migrate.ts","main","process.cwd",130
"src/db/migrate.ts","main","migrateDb",131
"src/db/migrate.ts","<module>","main",135
"src/db/paths.ts","continuumDir","join",16
"src/db/paths.ts","legacyDbFilePath","join",20
"src/db/paths.ts","legacyDbFilePath","continuumDir",20
"src/db/paths.ts","canonicalDataHome","resolve",24
"src/db/paths.ts","canonicalDataHome","resolve",25
"src/db/paths.ts","canonicalDataHome","join",26
"src/db/paths.ts","canonicalDataHome","homedir",26
"src/db/paths.ts","normalizedWorkspacePath","resolve",30
"src/db/paths.ts","normalizedWorkspacePath","realpathSync.native",32
"src/db/paths.ts","projectStorageId","createHash",39
"src/db/paths.ts","projectStorageId","normalizedWorkspacePath",40
"src/db/paths.ts","canonicalProjectDir","join",48
"src/db/paths.ts","canonicalProjectDir","canonicalDataHome",49
"src/db/paths.ts","canonicalProjectDir","projectStorageId",52
"src/db/paths.ts","canonicalDbFilePath","join",60
"src/db/paths.ts","canonicalDbFilePath","canonicalProjectDir",60
"src/db/paths.ts","migrationReceiptPath","join",67
"src/db/paths.ts","migrationReceiptPath","canonicalProjectDir",67
"src/db/paths.ts","dbFilePath","canonicalDbFilePath",71
"src/db/storage-errors.ts","<module>","super",9
"src/db/storage-errors.ts","<module>","Object.setPrototypeOf",11
"src/db/storage-receipt.ts","createMigrationReceipt","projectStorageId",39
"src/db/storage-receipt.ts","createMigrationReceipt","normalizedWorkspacePath",40
"src/db/storage-receipt.ts","publishMigrationReceipt","mkdirSync",54
"src/db/storage-receipt.ts","publishMigrationReceipt","dirname",54
"src/db/storage-receipt.ts","publishMigrationReceipt","randomUUID",55
"src/db/storage-receipt.ts","publishMigrationReceipt","writeDurably",56
"src/db/storage-receipt.ts","publishMigrationReceipt","JSON.stringify",56
"src/db/storage-receipt.ts","publishMigrationReceipt","linkSync",59
"src/db/storage-receipt.ts","publishMigrationReceipt","existsSync",61
"src/db/storage-receipt.ts","publishMigrationReceipt","assertEquivalentReceipt",62
"src/db/storage-receipt.ts","publishMigrationReceipt","readMigrationReceipt",62
"src/db/storage-receipt.ts","publishMigrationReceipt","existsSync",65
"src/db/storage-receipt.ts","publishMigrationReceipt","unlinkSync",65
"src/db/storage-receipt.ts","readMigrationReceipt","JSON.parse",71
"src/db/storage-receipt.ts","readMigrationReceipt","readFileSync",71
"src/db/storage-receipt.ts","readMigrationReceipt","migrationFailure",73
"src/db/storage-receipt.ts","verifyMigrationReceipt","projectStorageId",86
"src/db/storage-receipt.ts","verifyMigrationReceipt","normalizedWorkspacePath",87
"src/db/storage-receipt.ts","verifyMigrationReceipt","migrationFailure",91
"src/db/storage-receipt.ts","warnRemovableLegacySource","warnedSources.has",110
"src/db/storage-receipt.ts","warnRemovableLegacySource","warnedSources.add",111
"src/db/storage-receipt.ts","warnRemovableLegacySource","console.warn",112
"src/db/storage-receipt.ts","assertEquivalentReceipt","migrationFailure",129
"src/db/storage-snapshot.ts","readDatabaseSnapshot","assertIntegrity",36
"src/db/storage-snapshot.ts","readDatabaseSnapshot","sqlite.serialize",37
"src/db/storage-snapshot.ts","readDatabaseSnapshot","fingerprintStorage",38
"src/db/storage-snapshot.ts","readDatabaseSnapshot","migrationFailure",41
"src/db/storage-snapshot.ts","publishDatabaseSnapshot","mkdirSync",51
"src/db/storage-snapshot.ts","publishDatabaseSnapshot","dirname",51
"src/db/storage-snapshot.ts","publishDatabaseSnapshot","randomUUID",52
"src/db/storage-snapshot.ts","publishDatabaseSnapshot","writeDurably",53
"src/db/storage-snapshot.ts","publishDatabaseSnapshot","readDatabaseSnapshot",55
"src/db/storage-snapshot.ts","publishDatabaseSnapshot","migrationFailure",57
"src/db/storage-snapshot.ts","publishDatabaseSnapshot","publishWithoutOverwrite",61
"src/db/storage-snapshot.ts","publishDatabaseSnapshot","migrationFailure",64
"src/db/storage-snapshot.ts","publishDatabaseSnapshot","existsSync",69
"src/db/storage-snapshot.ts","publishDatabaseSnapshot","unlinkSync",69
"src/db/storage-snapshot.ts","publishDatabaseSnapshot","rmSync",70
"src/db/storage-snapshot.ts","publishDatabaseSnapshot","rmSync",71
"src/db/storage-snapshot.ts","writeDurably","openSync",76
"src/db/storage-snapshot.ts","writeDurably","writeFileSync",78
"src/db/storage-snapshot.ts","writeDurably","fsyncSync",79
"src/db/storage-snapshot.ts","writeDurably","closeSync",81
"src/db/storage-snapshot.ts","publishWithoutOverwrite","linkSync",91
"src/db/storage-snapshot.ts","publishWithoutOverwrite","existsSync",93
"src/db/storage-snapshot.ts","publishWithoutOverwrite","readDatabaseSnapshot",94
"src/db/storage-snapshot.ts","publishWithoutOverwrite","migrationConflict",96
"src/db/storage-snapshot.ts","assertIntegrity","sqlite.query",102
"src/db/storage-snapshot.ts","assertIntegrity","migrationFailure",106
"src/db/storage-snapshot.ts","fingerprintStorage","createHash",113
"src/db/storage.ts","prepareCanonicalDatabase","normalizedWorkspacePath",47
"src/db/storage.ts","prepareCanonicalDatabase","resolveStoragePaths",48
"src/db/storage.ts","prepareCanonicalDatabase","existsSync",50
"src/db/storage.ts","prepareCanonicalDatabase","existsSync",52
"src/db/storage.ts","prepareCanonicalDatabase","prepareWithoutLegacy",53
"src/db/storage.ts","prepareCanonicalDatabase","readDatabaseSnapshot",56
"src/db/storage.ts","prepareCanonicalDatabase","existsSync",57
"src/db/storage.ts","prepareCanonicalDatabase","verifyRecordedMigration",58
"src/db/storage.ts","prepareCanonicalDatabase","adoptEquivalentDestination",61
"src/db/storage.ts","prepareCanonicalDatabase","migrationFailure",64
"src/db/storage.ts","prepareCanonicalDatabase","migrateLegacyDatabase",69
"src/db/storage.ts","prepareWithoutLegacy","mkdirSync",78
"src/db/storage.ts","prepareWithoutLegacy","dirname",78
"src/db/storage.ts","prepareWithoutLegacy","migrateDbSync",79
"src/db/storage.ts","prepareWithoutLegacy","state",81
"src/db/storage.ts","verifyRecordedMigration","readMigrationReceipt",90
"src/db/storage.ts","verifyRecordedMigration","verifyMigrationReceipt",91
"src/db/storage.ts","verifyRecordedMigration","existsSync",98
"src/db/storage.ts","verifyRecordedMigration","migrationFailure",99
"src/db/storage.ts","verifyRecordedMigration","warnRemovableLegacySource",103
"src/db/storage.ts","verifyRecordedMigration","state",104
"src/db/storage.ts","adoptEquivalentDestination","readDatabaseSnapshot",113
"src/db/storage.ts","adoptEquivalentDestination","migrationConflict",115
"src/db/storage.ts","adoptEquivalentDestination","assertSourceUnchanged",117
"src/db/storage.ts","adoptEquivalentDestination","recordMigration",118
"src/db/storage.ts","adoptEquivalentDestination","warnRemovableLegacySource",124
"src/db/storage.ts","adoptEquivalentDestination","state",125
"src/db/storage.ts","migrateLegacyDatabase","publishDatabaseSnapshot",134
"src/db/storage.ts","migrateLegacyDatabase","migrateDbSync",135
"src/db/storage.ts","migrateLegacyDatabase","readDatabaseSnapshot",136
"src/db/storage.ts","migrateLegacyDatabase","assertSourceUnchanged",137
"src/db/storage.ts","migrateLegacyDatabase","recordMigration",138
"src/db/storage.ts","migrateLegacyDatabase","warnRemovableLegacySource",144
"src/db/storage.ts","migrateLegacyDatabase","state",145
"src/db/storage.ts","assertSourceUnchanged","readDatabaseSnapshot",152
"src/db/storage.ts","assertSourceUnchanged","sourceChangedDuringMigration",154
"src/db/storage.ts","recordMigration","createMigrationReceipt",164
"src/db/storage.ts","recordMigration","publishMigrationReceipt",171
"src/db/storage.ts","resolveStoragePaths","canonicalDbFilePath",176
"src/db/storage.ts","resolveStoragePaths","legacyDbFilePath",177
"src/db/storage.ts","resolveStoragePaths","migrationReceiptPath",178
"src/mcp/init-tool.ts","initMcpWorkspace","resolveInitWorkspace",12
"src/mcp/init-tool.ts","initMcpWorkspace","init_status",13
"src/mcp/init-tool.ts","initMcpWorkspace","init_project",14
"src/mcp/init-tool.ts","initMcpWorkspace","getDbClientByPath",15
"src/mcp/init-tool.ts","initMcpWorkspace","canonicalDbFilePath",15
"src/mcp/init-tool.ts","initMcpWorkspace","init_status",16
"src/mcp/init-tool.ts","initMcpWorkspace","canonicalDbFilePath",19
"src/mcp/memory-tools.ts","consolidateMcpMemory","resolveMcpWorkspace",16
"src/mcp/memory-tools.ts","consolidateMcpMemory","getDbClientByPath",17
"src/mcp/memory-tools.ts","consolidateMcpMemory","runMcpEffect",18
"src/mcp/memory-tools.ts","consolidateMcpMemory","consolidateMemory",19
"src/mcp/memory-tools.ts","consolidateMcpMemory","makeJournalRepository",23
"src/mcp/memory-tools.ts","consolidateMcpMemory","makeConsolidationRepository",24
"src/mcp/memory-tools.ts","getMcpRecallStatus","resolveMcpWorkspace",55
"src/mcp/memory-tools.ts","getMcpRecallStatus","getRecallStatus",56
"src/mcp/memory-tools.ts","getMcpRecallStatus","getDbClientByPath",56
"src/mcp/memory-tools.ts","importMcpRecall","resolveMcpWorkspace",74
"src/mcp/memory-tools.ts","importMcpRecall","isAbsolute",75
"src/mcp/memory-tools.ts","importMcpRecall","parseDate",78
"src/mcp/memory-tools.ts","importMcpRecall","getDbClientByPath",79
"src/mcp/memory-tools.ts","importMcpRecall","runMcpEffect",80
"src/mcp/memory-tools.ts","importMcpRecall","importCanonicalOpencodeRecall",81
"src/mcp/memory-tools.ts","importMcpRecall","makeRecallRepository",91
"src/mcp/memory-tools.ts","parseDate","Number.isNaN",99
"src/mcp/memory-tools.ts","parseDate","date.getTime",99
"src/mcp/tools.ts","getSummary","resolveMcpWorkspace",30
"src/mcp/tools.ts","getSummary","getDbClientByPath",33
"src/mcp/tools.ts","getSummary","Promise.all",34
"src/mcp/tools.ts","getSummary","loadTaskSummary",35
"src/mcp/tools.ts","getSummary","runMcpEffect",36
"src/mcp/tools.ts","getSummary","listMemoryEvidence",36
"src/mcp/tools.ts","getSummary","renderTaskSummary",43
"src/mcp/tools.ts","getSummary","renderMemorySummary",45
"src/mcp/tools.ts","appendMcpMemory","resolveMcpWorkspace",61
"src/mcp/tools.ts","appendMcpMemory","runMcpEffect",62
"src/mcp/tools.ts","appendMcpMemory","appendMemory",63
"src/mcp/tools.ts","appendMcpMemory","join",65
"src/mcp/tools.ts","searchMcpMemory","resolveMcpWorkspace",89
"src/mcp/tools.ts","searchMcpMemory","getDbClientByPath",90
"src/mcp/tools.ts","searchMcpMemory","runMcpEffect",91
"src/mcp/tools.ts","searchMcpMemory","searchMemoryEvidence",92
"src/mcp/tools.ts","resolveMcpWorkspace","isAbsolute",103
"src/mcp/tools.ts","resolveMcpWorkspace","existsSync",106
"src/mcp/tools.ts","resolveMcpWorkspace","statSync",106
"src/mcp/tools.ts","resolveMcpWorkspace","resolveWorkspaceContext",109
"src/mcp/tools.ts","resolveMcpWorkspace","prepareCanonicalDatabase",110
"src/mcp/tools.ts","resolveMcpWorkspace","existsSync",111
"src/mcp/tools.ts","resolveInitWorkspace","isAbsolute",124
"src/mcp/tools.ts","resolveInitWorkspace","existsSync",127
"src/mcp/tools.ts","resolveInitWorkspace","statSync",127
"src/mcp/tools.ts","resolveInitWorkspace","resolve",130
"src/memory/application/append.ts","appendMemory","makeJournalRepository",47
"src/memory/application/append.ts","appendMemory","getDbClientByPath",47
"src/memory/application/append.ts","appendMemory","Effect.gen",48
"src/memory/application/append.ts","appendMemory","repository.append",49
"src/memory/application/append.ts","appendMemory","Effect.result",50
"src/memory/application/append.ts","appendMemory","withProjectionPublicationLock",51
"src/memory/application/append.ts","appendMemory","dirname",52
"src/memory/application/append.ts","appendMemory","Effect.gen",53
"src/memory/application/append.ts","appendMemory","repository.latestBoundary",54
"src/memory/application/append.ts","appendMemory","repository.listPending",55
"src/memory/application/append.ts","appendMemory","Effect.try",56
"src/memory/application/consolidate.ts","consolidateMemory","getDbClientByPath",62
"src/memory/application/consolidate.ts","consolidateMemory","makeJournalRepository",63
"src/memory/application/consolidate.ts","consolidateMemory","makeConsolidationRepository",65
"src/memory/application/consolidate.ts","consolidateMemory","Effect.gen",66
"src/memory/application/consolidate.ts","consolidateMemory","journal.latestBoundary",67
"src/memory/application/consolidate.ts","consolidateMemory","journal.maxSequence",68
"src/memory/application/consolidate.ts","consolidateMemory","journal.listPending",71
"src/memory/application/consolidate.ts","consolidateMemory","entries.at",75
"src/memory/application/consolidate.ts","consolidateMemory","loadMemoryConfig",79
"src/memory/application/consolidate.ts","consolidateMemory","Effect.tryPromise",80
"src/memory/application/consolidate.ts","consolidateMemory","defaultSummarizer",81
"src/memory/application/consolidate.ts","consolidateMemory","Effect.result",95
"src/memory/application/consolidate.ts","consolidateMemory","consolidations.complete",96
"src/memory/application/consolidate.ts","consolidateMemory","Result.isFailure",104
"src/memory/application/consolidate.ts","consolidateMemory","Effect.fail",111
"src/memory/application/consolidate.ts","consolidateMemory","Effect.result",114
"src/memory/application/consolidate.ts","consolidateMemory","regenerateProjections",115
"src/memory/application/consolidate.ts","defaultSummarizer","entries.map",138
"src/memory/application/consolidate.ts","defaultSummarizer","summarizeNow",140
"src/memory/application/consolidate.ts","defaultSummarizer","mechanicalSummary",141
"src/memory/application/consolidate.ts","regenerateProjections","withProjectionPublicationLock",159
"src/memory/application/consolidate.ts","regenerateProjections","Effect.gen",161
"src/memory/application/consolidate.ts","regenerateProjections","Effect.forEach",163
"src/memory/application/consolidate.ts","regenerateProjections","Effect.map",169
"src/memory/application/consolidate.ts","regenerateProjections","completed.reduce",171
"src/memory/application/consolidate.ts","regenerateProjections","Math.max",172
"src/memory/application/consolidate.ts","regenerateProjections","Effect.try",176
"src/memory/application/consolidate.ts","regenerateProjections","options.publish",178
"src/memory/application/consolidate.ts","regenerateProjections","Effect.mapError",188
"src/memory/application/legacy-migrate-persist.ts","persistLegacyArtifacts","hasCompletedRun",23
"src/memory/application/legacy-migrate-persist.ts","persistLegacyArtifacts","importArtifact",26
"src/memory/application/legacy-migrate-persist.ts","persistLegacyArtifacts","normalizePath",35
"src/memory/application/legacy-migrate-persist.ts","persistLegacyArtifacts","recordCompletedRun",45
"src/memory/application/legacy-migrate-persist.ts","importArtifact","importRecallSummary",53
"src/memory/application/legacy-migrate-persist.ts","importArtifact","importTranscript",55
"src/memory/application/legacy-migrate-persist.ts","importArtifact","importJournalArtifact",56
"src/memory/application/legacy-migrate-persist.ts","importJournalArtifact","parseFrontmatter",63
"src/memory/application/legacy-migrate-persist.ts","importJournalArtifact","stableId",64
"src/memory/application/legacy-migrate-persist.ts","importJournalArtifact","migrationKey",64
"src/memory/application/legacy-migrate-persist.ts","importJournalArtifact","artifactDate",65
"src/memory/application/legacy-migrate-persist.ts","importJournalArtifact","normalizePath",69
"src/memory/application/legacy-migrate-persist.ts","importJournalArtifact","JSON.stringify",83
"src/memory/application/legacy-migrate-persist.ts","importJournalArtifact","normalizePath",84
"src/memory/application/legacy-migrate-persist.ts","importJournalArtifact","stableId",94
"src/memory/application/legacy-migrate-persist.ts","importJournalArtifact","migrationKey",96
"src/memory/application/legacy-migrate-persist.ts","importJournalArtifact","JSON.stringify",109
"src/memory/application/legacy-migrate-persist.ts","importJournalArtifact","summaryFrom",109
"src/memory/application/legacy-migrate-persist.ts","importRecallSummary","parseOpencodeSummary",120
"src/memory/application/legacy-migrate-persist.ts","importRecallSummary","fingerprint",122
"src/memory/application/legacy-migrate-persist.ts","importRecallSummary","upsertRecallSource",123
"src/memory/application/legacy-migrate-persist.ts","importRecallSummary","stableId",131
"src/memory/application/legacy-migrate-persist.ts","importRecallSummary","migrationKey",131
"src/memory/application/legacy-migrate-persist.ts","importRecallSummary","cleanSummaryBody",132
"src/memory/application/legacy-migrate-persist.ts","importRecallSummary","parseFrontmatter",132
"src/memory/application/legacy-migrate-persist.ts","importRecallSummary","JSON.stringify",143
"src/memory/application/legacy-migrate-persist.ts","importRecallSummary","summaryFrom",144
"src/memory/application/legacy-migrate-persist.ts","importTranscript","parseFrontmatter",162
"src/memory/application/legacy-migrate-persist.ts","importTranscript","readSessionId",163
"src/memory/application/legacy-migrate-persist.ts","importTranscript","fingerprint",165
"src/memory/application/legacy-migrate-persist.ts","importTranscript","upsertRecallSource",166
"src/memory/application/legacy-migrate-persist.ts","importTranscript","readString",168
"src/memory/application/legacy-migrate-persist.ts","importTranscript","readString",169
"src/memory/application/legacy-migrate-persist.ts","importTranscript","readString",170
"src/memory/application/legacy-migrate-persist.ts","importTranscript","readString",171
"src/memory/application/legacy-migrate-persist.ts","importTranscript","parseNormalizedMessages",174
"src/memory/application/legacy-migrate-persist.ts","importTranscript","sqlite.query",175
"src/memory/application/legacy-migrate-persist.ts","importTranscript","messages.forEach",180
"src/memory/application/legacy-migrate-persist.ts","importTranscript","insert.run",181
"src/memory/application/legacy-migrate-persist.ts","upsertRecallSource","stableId",211
"src/memory/application/legacy-migrate-persist.ts","parseNormalizedMessages","parseFrontmatter",246
"src/memory/application/legacy-migrate-persist.ts","parseNormalizedMessages","body.matchAll",248
"src/memory/application/legacy-migrate-persist.ts","parseNormalizedMessages","matches.map",252
"src/memory/application/legacy-migrate-persist.ts","parseNormalizedMessages","readTimestamp",254
"src/memory/application/legacy-migrate-persist.ts","summaryFrom","content.trim",268
"src/memory/application/legacy-migrate-persist.ts","artifactDate","basename",284
"src/memory/application/legacy-migrate-persist.ts","stableId","fingerprint",289
"src/memory/application/legacy-migrate-persist.ts","readString","value.trim",293
"src/memory/application/legacy-migrate-persist.ts","readString","value.trim",293
"src/memory/application/legacy-migrate-persist.ts","readTimestamp","Number.isNaN",297
"src/memory/application/legacy-migrate-persist.ts","readTimestamp","Date.parse",297
"src/memory/application/query-recall.ts","<module>","Schema.Struct",7
"src/memory/application/query-recall.ts","<module>","Schema.Array",9
"src/memory/application/query-recall.ts","<module>","Schema.Array",10
"src/memory/application/query-recall.ts","<module>","Schema.Array",11
"src/memory/application/query-recall.ts","<module>","Schema.Array",12
"src/memory/application/query-recall.ts","<module>","Schema.Array",13
"src/memory/application/query-recall.ts","<module>","Schema.Array",14
"src/memory/application/query-recall.ts","<module>","Schema.Array",15
"src/memory/application/query-recall.ts","<module>","Schema.Array",16
"src/memory/application/query-recall.ts","<module>","Schema.Literals",17
"src/memory/application/query-recall.ts","<module>","Schema.Union",19
"src/memory/application/query-recall.ts","appendRecallEvidence","Boolean",50
"src/memory/application/query-recall.ts","appendRecallEvidence","evidence.push",53
"src/memory/application/query-recall.ts","appendRecallEvidence","flattenRecallSummary",57
"src/memory/application/query-recall.ts","flattenRecallSummary","Schema.decodeUnknownSync",69
"src/memory/application/query-recall.ts","flattenRecallSummary","JSON.parse",69
"src/memory/application/query.ts","listMemoryEvidence","Effect.try",50
"src/memory/application/query.ts","listMemoryEvidence","getDbClientByPath",52
"src/memory/application/query.ts","listMemoryEvidence","decodeJson",72
"src/memory/application/query.ts","listMemoryEvidence","evidence.push",77
"src/memory/application/query.ts","listMemoryEvidence","decodeJson",98
"src/memory/application/query.ts","listMemoryEvidence","evidence.push",103
"src/memory/application/query.ts","listMemoryEvidence","formatSummary",107
"src/memory/application/query.ts","listMemoryEvidence","appendRecallEvidence",117
"src/memory/application/query.ts","listMemoryEvidence","filterEvidence",118
"src/memory/application/query.ts","listMemoryEvidence","compareDates",119
"src/memory/application/query.ts","listMemoryEvidence","databaseBusyError",125
"src/memory/application/query.ts","searchMemoryEvidence","query.toLowerCase",139
"src/memory/application/query.ts","searchMemoryEvidence","listMemoryEvidenceIncludingRecallHistory",141
"src/memory/application/query.ts","searchMemoryEvidence","Effect.map",146
"src/memory/application/query.ts","searchMemoryEvidence","terms.reduce",150
"src/memory/application/query.ts","searchMemoryEvidence","countOccurrences",151
"src/memory/application/query.ts","searchMemoryEvidence","compareDates",157
"src/memory/application/query.ts","listMemoryEvidenceIncludingRecallHistory","Effect.succeed",174
"src/memory/application/query.ts","listMemoryEvidenceIncludingRecallHistory","listMemoryEvidence",175
"src/memory/application/query.ts","listMemoryEvidenceIncludingRecallHistory","currentMemory.pipe",176
"src/memory/application/query.ts","listMemoryEvidenceIncludingRecallHistory","Effect.flatMap",177
"src/memory/application/query.ts","listMemoryEvidenceIncludingRecallHistory","Effect.try",178
"src/memory/application/query.ts","listMemoryEvidenceIncludingRecallHistory","appendRecallEvidence",185
"src/memory/application/query.ts","listMemoryEvidenceIncludingRecallHistory","getDbClientByPath",186
"src/memory/application/query.ts","listMemoryEvidenceIncludingRecallHistory","filterEvidence",190
"src/memory/application/query.ts","listMemoryEvidenceIncludingRecallHistory","compareDates",191
"src/memory/application/query.ts","listMemoryEvidenceIncludingRecallHistory","databaseBusyError",197
"src/memory/application/query.ts","decodeJson","Schema.decodeUnknownSync",213
"src/memory/application/query.ts","decodeJson","JSON.parse",213
"src/memory/application/query.ts","filterEvidence","evidence.filter",224
"src/memory/application/query.ts","filterEvidence","Date.parse",225
"src/memory/application/query.ts","formatSummary","appendSummaryItems",248
"src/memory/application/query.ts","formatSummary","appendSummaryItems",249
"src/memory/application/query.ts","formatSummary","appendSummaryItems",250
"src/memory/application/query.ts","formatSummary","appendSummaryItems",251
"src/memory/application/query.ts","formatSummary","appendSummaryItems",252
"src/memory/application/query.ts","formatSummary","appendSummaryItems",253
"src/memory/application/query.ts","formatSummary","appendSummaryItems",254
"src/memory/application/query.ts","formatSummary","appendSummaryItems",255
"src/memory/application/query.ts","formatSummary","appendSummaryItems",256
"src/memory/application/query.ts","formatSummary","appendSummaryItems",257
"src/memory/application/query.ts","formatSummary","lines.filter",258
"src/memory/application/query.ts","appendSummaryItems","lines.push",267
"src/memory/application/query.ts","appendSummaryItems","items.map",267
"src/memory/application/query.ts","countOccurrences","content.toLowerCase",271
"src/memory/application/query.ts","compareDates","Date.parse",275
"src/memory/application/query.ts","compareDates","Date.parse",275
"src/memory/application/recall-import.ts","importCanonicalOpencodeRecall","Effect.gen",58
"src/memory/application/recall-import.ts","importCanonicalOpencodeRecall","getWorkspaceContext",60
"src/memory/application/recall-import.ts","importCanonicalOpencodeRecall","Effect.fail",65
"src/memory/application/recall-import.ts","importCanonicalOpencodeRecall","Effect.try",71
"src/memory/application/recall-import.ts","importCanonicalOpencodeRecall","makeRecallRepository",85
"src/memory/application/recall-import.ts","importCanonicalOpencodeRecall","getDbClientByPath",85
"src/memory/application/recall-import.ts","importCanonicalOpencodeRecall","resolveSummaryConfig",88
"src/memory/application/recall-import.ts","importCanonicalOpencodeRecall","loadMemoryConfig",89
"src/memory/application/recall-import.ts","importCanonicalOpencodeRecall","applySessionFilters",91
"src/memory/application/recall-import.ts","importCanonicalOpencodeRecall","importSession",106
"src/memory/application/recall-import.ts","applySessionFilters","sessions.filter",124
"src/memory/application/recall-import.ts","applySessionFilters","isAfter",124
"src/memory/application/recall-import.ts","applySessionFilters","filtered.slice",125
"src/memory/application/recall-import.ts","isAfter","afterDate.getTime",131
"src/memory/application/recall-import.ts","importSession","Effect.gen",149
"src/memory/application/recall-import.ts","importSession","normalizeSessionMessages",150
"src/memory/application/recall-import.ts","importSession","fingerprintSession",153
"src/memory/application/recall-import.ts","importSession","repository.findSource",154
"src/memory/application/recall-import.ts","importSession","Effect.fail",168
"src/memory/application/recall-import.ts","importSession","Effect.tryPromise",176
"src/memory/application/recall-import.ts","importSession","repository.replace",187
"src/memory/application/recall-import.ts","importSession","toIso",194
"src/memory/application/recall-import.ts","importSession","toIso",195
"src/memory/application/recall-import.ts","importSession","messages.map",200
"src/memory/application/recall-import.ts","fingerprintSession","createHash",229
"src/memory/application/recall-import.ts","fingerprintSession","JSON.stringify",231
"src/memory/application/recall-import.ts","fingerprintSession","messages.map",236
"src/memory/config.ts","<module>","Config.all",58
"src/memory/config.ts","<module>","Config.option",59
"src/memory/config.ts","<module>","Config.redacted",59
"src/memory/config.ts","<module>","Config.option",60
"src/memory/config.ts","<module>","Config.redacted",60
"src/memory/config.ts","<module>","Config.option",61
"src/memory/config.ts","<module>","Config.redacted",61
"src/memory/config.ts","<module>","Config.option",62
"src/memory/config.ts","<module>","Config.redacted",62
"src/memory/config.ts","<module>","Config.option",63
"src/memory/config.ts","<module>","Config.string",63
"src/memory/config.ts","<module>","Config.option",64
"src/memory/config.ts","<module>","Config.string",64
"src/memory/config.ts","<module>","Config.option",65
"src/memory/config.ts","<module>","Config.string",65
"src/memory/config.ts","<module>","Effect.fn",68
"src/memory/config.ts","<module>","optionRedacted",72
"src/memory/config.ts","<module>","optionRedacted",73
"src/memory/config.ts","<module>","optionRedacted",74
"src/memory/config.ts","<module>","optionRedacted",75
"src/memory/config.ts","<module>","optionString",76
"src/memory/config.ts","<module>","optionString",77
"src/memory/config.ts","<module>","optionString",78
"src/memory/config.ts","<module>","Effect.fn",83
"src/memory/config.ts","<module>","loadSummaryEnvironment",86
"src/memory/config.ts","<module>","join",88
"src/memory/config.ts","<module>","memoryPath",89
"src/memory/config.ts","<module>","readConfigFile",90
"src/memory/config.ts","<module>","normalizeConfig",91
"src/memory/config.ts","readConfigFile","existsSync",95
"src/memory/config.ts","readConfigFile","parse",97
"src/memory/config.ts","readConfigFile","readFileSync",97
"src/memory/config.ts","readConfigFile","isRecord",98
"src/memory/config.ts","normalizeConfig","readPositiveInt",109
"src/memory/config.ts","normalizeConfig","readPositiveNumber",113
"src/memory/config.ts","normalizeConfig","readPositiveInt",117
"src/memory/config.ts","normalizeConfig","readPositiveInt",121
"src/memory/config.ts","normalizeConfig","normalizeSections",125
"src/memory/config.ts","normalizeConfig","resolveConsolidationConfig",126
"src/memory/config.ts","resolveConsolidationConfig","isRecord",134
"src/memory/config.ts","resolveConsolidationConfig","readNonEmptyString",136
"src/memory/config.ts","resolveConsolidationConfig","readNonEmptyString",142
"src/memory/config.ts","resolveConsolidationConfig","readNonEmptyString",150
"src/memory/config.ts","resolveConsolidationConfig","readPositiveInt",155
"src/memory/config.ts","resolveConsolidationConfig","readPositiveInt",159
"src/memory/config.ts","resolveConsolidationConfig","readPositiveInt",163
"src/memory/config.ts","resolveConsolidationConfig","readPositiveInt",167
"src/memory/config.ts","resolveConsolidationConfig","readPositiveInt",171
"src/memory/config.ts","optionRedacted","Option.isSome",181
"src/memory/config.ts","optionRedacted","readNonEmptyString",182
"src/memory/config.ts","optionRedacted","Redacted.value",182
"src/memory/config.ts","optionString","readNonEmptyString",187
"src/memory/config.ts","optionString","Option.getOrUndefined",187
"src/memory/config.ts","readNonEmptyString","value.trim",192
"src/memory/config.ts","readPositiveInt","Number.isFinite",197
"src/memory/config.ts","readPositiveInt","Math.round",198
"src/memory/config.ts","readPositiveNumber","Number.isFinite",203
"src/memory/config.ts","normalizeSections","Array.isArray",209
"src/memory/config.ts","normalizeSections","value.map",210
"src/memory/config.ts","normalizeSections","String",210
"src/memory/config.ts","normalizeSections","sections.includes",215
"src/memory/config.ts","normalizeSections","sections.push",215
"src/memory/config.ts","normalizeSections","sections.includes",217
"src/memory/config.ts","normalizeSections","sections.push",217
"src/memory/config.ts","isRecord","Array.isArray",222
"src/memory/domain/errors.ts","<module>","Schema.TaggedError",3
"src/memory/domain/errors.ts","<module>","Schema.Defect",5
"src/memory/domain/errors.ts","<module>","Schema.TaggedError",8
"src/memory/domain/errors.ts","<module>","Schema.Defect",10
"src/memory/domain/errors.ts","<module>","Schema.TaggedError",13
"src/memory/domain/errors.ts","<module>","Schema.Defect",15
"src/memory/domain/errors.ts","<module>","Schema.TaggedError",18
"src/memory/domain/errors.ts","<module>","Schema.Defect",20
"src/memory/domain/errors.ts","<module>","Schema.TaggedError",23
"src/memory/domain/errors.ts","<module>","Schema.optionalKey",27
"src/memory/domain/errors.ts","<module>","Schema.Defect",28
"src/memory/domain/errors.ts","<module>","Schema.TaggedError",32
"src/memory/domain/errors.ts","<module>","Schema.Defect",34
"src/memory/domain/errors.ts","<module>","Schema.TaggedError",37
"src/memory/domain/errors.ts","<module>","Schema.Defect",39
"src/memory/domain/errors.ts","<module>","Schema.TaggedError",42
"src/memory/domain/errors.ts","<module>","Schema.Defect",44
"src/memory/domain/errors.ts","<module>","Schema.TaggedError",47
"src/memory/domain/errors.ts","<module>","Schema.TaggedError",55
"src/memory/domain/errors.ts","<module>","Schema.Defect",57
"src/memory/domain/errors.ts","<module>","Schema.TaggedError",60
"src/memory/domain/errors.ts","<module>","Schema.Defect",62
"src/memory/domain/errors.ts","<module>","Schema.TaggedError",65
"src/memory/domain/errors.ts","<module>","Schema.Defect",67
"src/memory/domain/errors.ts","<module>","Schema.TaggedError",70
"src/memory/domain/errors.ts","<module>","Schema.Defect",72
"src/memory/domain/errors.ts","databaseBusyError","String",80
"src/memory/domain/errors.ts","databaseBusyError","code.includes",81
"src/memory/domain/errors.ts","databaseBusyError","code.includes",81
"src/memory/domain/journal-entry.ts","<module>","Schema.isGreaterThan",3
"src/memory/domain/journal-entry.ts","<module>","Schema.Struct",5
"src/memory/domain/journal-entry.ts","<module>","Schema.optionalKey",6
"src/memory/domain/journal-entry.ts","<module>","Schema.Array",6
"src/memory/domain/journal-entry.ts","<module>","Schema.optionalKey",7
"src/memory/domain/journal-entry.ts","<module>","Schema.Array",7
"src/memory/domain/journal-entry.ts","<module>","Schema.optionalKey",8
"src/memory/domain/journal-entry.ts","<module>","Schema.Array",8
"src/memory/domain/journal-entry.ts","<module>","Schema.optionalKey",9
"src/memory/domain/journal-entry.ts","<module>","Schema.Array",9
"src/memory/domain/journal-entry.ts","<module>","Schema.optionalKey",10
"src/memory/domain/journal-entry.ts","<module>","Schema.Struct",16
"src/memory/domain/journal-entry.ts","<module>","Schema.optionalKey",17
"src/memory/domain/journal-entry.ts","<module>","Schema.optionalKey",20
"src/memory/domain/journal-entry.ts","<module>","Schema.optionalKey",21
"src/memory/domain/journal-entry.ts","<module>","Schema.optionalKey",22
"src/memory/domain/journal-entry.ts","<module>","Schema.optionalKey",23
"src/memory/domain/journal-entry.ts","<module>","Schema.optionalKey",24
"src/memory/domain/journal-entry.ts","<module>","Schema.optionalKey",25
"src/memory/domain/journal-entry.ts","<module>","Schema.optionalKey",26
"src/memory/domain/journal-entry.ts","<module>","Schema.Struct",32
"src/memory/domain/journal-entry.ts","<module>","Schema.NullOr",37
"src/memory/domain/journal-entry.ts","<module>","Schema.NullOr",38
"src/memory/domain/journal-entry.ts","<module>","Schema.NullOr",39
"src/memory/domain/journal-entry.ts","<module>","Schema.NullOr",40
"src/memory/domain/memory-summary.ts","<module>","Schema.Struct",3
"src/memory/domain/memory-summary.ts","<module>","Schema.Array",5
"src/memory/domain/memory-summary.ts","<module>","Schema.Array",6
"src/memory/domain/memory-summary.ts","<module>","Schema.Array",7
"src/memory/domain/memory-summary.ts","<module>","Schema.Array",8
"src/memory/domain/memory-summary.ts","<module>","Schema.Array",9
"src/memory/domain/memory-summary.ts","<module>","Schema.Array",10
"src/memory/domain/memory-summary.ts","<module>","Schema.Array",11
"src/memory/domain/memory-summary.ts","<module>","Schema.Array",12
"src/memory/domain/memory-summary.ts","<module>","Schema.Array",13
"src/memory/domain/memory-summary.ts","<module>","Schema.Array",14
"src/memory/domain/memory-summary.ts","<module>","Schema.NullOr",15
"src/memory/domain/memory-summary.ts","<module>","Schema.Literals",15
"src/memory/domain/recall.ts","<module>","Schema.isGreaterThan",3
"src/memory/domain/recall.ts","<module>","Schema.Struct",5
"src/memory/domain/recall.ts","<module>","Schema.NullOr",8
"src/memory/domain/recall.ts","<module>","Schema.NullOr",10
"src/memory/domain/recall.ts","<module>","Schema.NullOr",11
"src/memory/domain/recall.ts","<module>","Schema.NullOr",12
"src/memory/domain/recall.ts","<module>","Schema.Struct",19
"src/memory/domain/recall.ts","<module>","Schema.Literals",24
"src/memory/domain/recall.ts","<module>","Schema.NullOr",26
"src/memory/domain/recall.ts","<module>","Schema.Struct",32
"src/memory/domain/recall.ts","<module>","Schema.NullOr",37
"src/memory/repository/consolidation-repository.ts","makeConsolidationRepository","Effect.fn",48
"src/memory/repository/consolidation-repository.ts","makeConsolidationRepository","complete",49
"src/memory/repository/consolidation-repository.ts","makeConsolidationRepository","Effect.fn",51
"src/memory/repository/consolidation-repository.ts","makeConsolidationRepository","listCompleted",53
"src/memory/repository/consolidation-repository.ts","complete","Effect.try",69
"src/memory/repository/consolidation-repository.ts","complete","selectRange",72
"src/memory/repository/consolidation-repository.ts","complete","selectLatestBoundary",78
"src/memory/repository/consolidation-repository.ts","complete","crypto.randomUUID",86
"src/memory/repository/consolidation-repository.ts","complete","JSON.stringify",98
"src/memory/repository/consolidation-repository.ts","complete","selectRange",103
"src/memory/repository/consolidation-repository.ts","complete","decodeRow",111
"src/memory/repository/consolidation-repository.ts","complete","transaction.immediate",111
"src/memory/repository/consolidation-repository.ts","complete","databaseBusyError",118
"src/memory/repository/consolidation-repository.ts","listCompleted","Effect.try",136
"src/memory/repository/consolidation-repository.ts","listCompleted","databaseBusyError",151
"src/memory/repository/consolidation-repository.ts","decodeRow","Schema.decodeUnknownSync",185
"src/memory/repository/consolidation-repository.ts","decodeRow","JSON.parse",186
"src/memory/repository/journal-repository.ts","makeJournalRepository","Effect.fn",47
"src/memory/repository/journal-repository.ts","makeJournalRepository","appendEntry",48
"src/memory/repository/journal-repository.ts","makeJournalRepository","Effect.fn",50
"src/memory/repository/journal-repository.ts","makeJournalRepository","listPending",54
"src/memory/repository/journal-repository.ts","makeJournalRepository","Effect.fn",56
"src/memory/repository/journal-repository.ts","makeJournalRepository","latestBoundary",57
"src/memory/repository/journal-repository.ts","makeJournalRepository","Effect.fn",59
"src/memory/repository/journal-repository.ts","makeJournalRepository","maxSequence",60
"src/memory/repository/journal-repository.ts","maxSequence","Effect.try",68
"src/memory/repository/journal-repository.ts","maxSequence","databaseBusyError",76
"src/memory/repository/journal-repository.ts","appendEntry","Effect.gen",85
"src/memory/repository/journal-repository.ts","appendEntry","decodeAppend",86
"src/memory/repository/journal-repository.ts","appendEntry","Effect.try",87
"src/memory/repository/journal-repository.ts","appendEntry","insertOrRead",88
"src/memory/repository/journal-repository.ts","appendEntry","databaseBusyError",90
"src/memory/repository/journal-repository.ts","appendEntry","decodeRow",93
"src/memory/repository/journal-repository.ts","insertOrRead","crypto.randomUUID",101
"src/memory/repository/journal-repository.ts","insertOrRead","selectByIdempotency",105
"src/memory/repository/journal-repository.ts","insertOrRead","JSON.stringify",123
"src/memory/repository/journal-repository.ts","insertOrRead","transaction.immediate",133
"src/memory/repository/journal-repository.ts","listPending","Effect.gen",152
"src/memory/repository/journal-repository.ts","listPending","Effect.try",153
"src/memory/repository/journal-repository.ts","listPending","databaseBusyError",169
"src/memory/repository/journal-repository.ts","listPending","Effect.forEach",172
"src/memory/repository/journal-repository.ts","latestBoundary","Effect.try",179
"src/memory/repository/journal-repository.ts","latestBoundary","databaseBusyError",190
"src/memory/repository/journal-repository.ts","decodeAppend","Schema.decodeUnknownEffect",198
"src/memory/repository/journal-repository.ts","decodeAppend","Effect.mapError",199
"src/memory/repository/journal-repository.ts","decodeRow","Effect.gen",208
"src/memory/repository/journal-repository.ts","decodeRow","parseMetadata",209
"src/memory/repository/journal-repository.ts","decodeRow","Schema.decodeUnknownEffect",210
"src/memory/repository/journal-repository.ts","decodeRow","Effect.mapError",223
"src/memory/repository/journal-repository.ts","parseMetadata","Effect.try",233
"src/memory/repository/journal-repository.ts","parseMetadata","JSON.parse",234
"src/memory/repository/journal-repository.ts","parseMetadata","Effect.flatMap",237
"src/memory/repository/journal-repository.ts","parseMetadata","Schema.decodeUnknownEffect",238
"src/memory/repository/journal-repository.ts","parseMetadata","Effect.mapError",239
"src/memory/repository/recall-repository.ts","makeRecallRepository","Effect.fn",51
"src/memory/repository/recall-repository.ts","makeRecallRepository","findSource",53
"src/memory/repository/recall-repository.ts","makeRecallRepository","Effect.fn",56
"src/memory/repository/recall-repository.ts","makeRecallRepository","replaceRecall",57
"src/memory/repository/recall-repository.ts","makeRecallRepository","Effect.fn",59
"src/memory/repository/recall-repository.ts","makeRecallRepository","searchRows",60
"src/memory/repository/recall-repository.ts","findSource","Effect.try",70
"src/memory/repository/recall-repository.ts","findSource","mapSource",80
"src/memory/repository/recall-repository.ts","findSource","databaseBusyError",83
"src/memory/repository/recall-repository.ts","replaceRecall","Effect.try",92
"src/memory/repository/recall-repository.ts","replaceRecall","insertMessage.run",134
"src/memory/repository/recall-repository.ts","replaceRecall","JSON.stringify",153
"src/memory/repository/recall-repository.ts","replaceRecall","databaseBusyError",162
"src/memory/repository/recall-repository.ts","searchRows","Effect.try",173
"src/memory/repository/recall-repository.ts","searchRows","databaseBusyError",192
"src/memory/repository/recall-repository.ts","mapSearchRow","String",228
"src/memory/repository/recall-repository.ts","mapSearchRow","String",229
"src/memory/repository/recall-repository.ts","mapSearchRow","String",234
"src/memory/runtime/memory-runtime.ts","<module>","Context.Service",14
"src/memory/runtime/memory-runtime.ts","memoryRuntimeLayer","Layer.effect",22
"src/memory/runtime/memory-runtime.ts","memoryRuntimeLayer","Effect.acquireRelease",24
"src/memory/runtime/memory-runtime.ts","memoryRuntimeLayer","openMemoryDatabase",24
"src/memory/runtime/memory-runtime.ts","memoryRuntimeLayer","Effect.sync",25
"src/memory/runtime/memory-runtime.ts","<module>","Effect.fn",30
"src/memory/runtime/memory-runtime.ts","<module>","Effect.try",33
"src/memory/runtime/memory-runtime.ts","<module>","createClient",34
"src/memory/runtime/memory-runtime.ts","<module>","Effect.try",37
"src/memory/runtime/memory-runtime.ts","<module>","runMigrations",38
"src/memory/runtime/memory-runtime.ts","<module>","MemoryRuntime.of",44
"src/sdk/graph.ts","list_all_tasks","list_tasks_for_directory",13
"src/sdk/graph.ts","list_all_tasks","tasks.push",17
"src/sdk/graph.ts","collect_descendants","byParent.get",27
"src/sdk/graph.ts","collect_descendants","list.push",28
"src/sdk/graph.ts","collect_descendants","byParent.set",29
"src/sdk/graph.ts","collect_descendants","byParent.get",33
"src/sdk/graph.ts","collect_descendants","queue.shift",35
"src/sdk/graph.ts","collect_descendants","result.push",37
"src/sdk/graph.ts","collect_descendants","byParent.get",38
"src/sdk/graph.ts","collect_descendants","queue.push",39
"src/sdk/graph.ts","collect_ancestors","tasks.map",45
"src/sdk/graph.ts","collect_ancestors","byId.get",47
"src/sdk/graph.ts","collect_ancestors","result.push",49
"src/sdk/graph.ts","collect_ancestors","byId.get",50
"src/sdk/graph.ts","query_task_graph","list_tasks_for_directory",61
"src/sdk/graph.ts","query_task_graph","list_all_tasks",68
"src/sdk/graph.ts","query_task_graph","collect_ancestors",70
"src/sdk/graph.ts","query_task_graph","collect_descendants",72
"src/sdk/index.ts","get_directory","resolveWorkspaceRoot",48
"src/sdk/index.ts","<module>","get_directory",54
"src/sdk/index.ts","<module>","init_status",55
"src/sdk/index.ts","<module>","init_project",57
"src/sdk/index.ts","<module>","init_status",58
"src/sdk/index.ts","<module>","list_tasks_for_directory",72
"src/sdk/index.ts","<module>","get_directory",72
"src/sdk/index.ts","<module>","map_list_status",73
"src/sdk/index.ts","<module>","get_task_for_directory",88
"src/sdk/index.ts","<module>","get_directory",88
"src/sdk/index.ts","<module>","map_task",89
"src/sdk/index.ts","<module>","create_task_for_directory",92
"src/sdk/index.ts","<module>","get_directory",93
"src/sdk/index.ts","<module>","map_create_input",94
"src/sdk/index.ts","<module>","map_task",96
"src/sdk/index.ts","<module>","update_task_for_directory",102
"src/sdk/index.ts","<module>","get_directory",103
"src/sdk/index.ts","<module>","map_update_input",105
"src/sdk/index.ts","<module>","map_task",107
"src/sdk/index.ts","<module>","complete_task_for_directory",113
"src/sdk/index.ts","<module>","get_directory",113
"src/sdk/index.ts","<module>","map_task",117
"src/sdk/index.ts","<module>","delete_task_for_directory",120
"src/sdk/index.ts","<module>","get_directory",120
"src/sdk/index.ts","<module>","get_task_for_directory",132
"src/sdk/index.ts","<module>","get_directory",132
"src/sdk/index.ts","<module>","validate_status_transition",136
"src/sdk/index.ts","<module>","get_open_blockers_for_directory",142
"src/sdk/index.ts","<module>","get_directory",142
"src/sdk/index.ts","<module>","query_task_graph",150
"src/sdk/index.ts","<module>","get_directory",150
"src/sdk/index.ts","<module>","add_steps_for_directory",165
"src/sdk/index.ts","<module>","get_directory",165
"src/sdk/index.ts","<module>","map_task",169
"src/sdk/index.ts","<module>","Number",176
"src/sdk/index.ts","<module>","Number.isFinite",177
"src/sdk/index.ts","<module>","update_step_for_directory",180
"src/sdk/index.ts","<module>","get_directory",180
"src/sdk/index.ts","<module>","map_task",190
"src/sdk/index.ts","<module>","Number",196
"src/sdk/index.ts","<module>","Number.isFinite",197
"src/sdk/index.ts","<module>","complete_step_for_directory",200
"src/sdk/index.ts","<module>","get_directory",200
"src/sdk/index.ts","<module>","map_task",205
"src/sdk/index.ts","<module>","add_discovery_for_directory",214
"src/sdk/index.ts","<module>","get_directory",214
"src/sdk/index.ts","<module>","map_task",220
"src/sdk/index.ts","<module>","add_decision_for_directory",222
"src/sdk/index.ts","<module>","get_directory",222
"src/sdk/index.ts","<module>","map_task",229
"src/task/collection-patch.ts","normalize_id","Number",5
"src/task/collection-patch.ts","normalize_id","Number.isFinite",6
"src/task/collection-patch.ts","patch_collection","normalize_id",34
"src/task/collection-patch.ts","patch_collection","next.some",37
"src/task/collection-patch.ts","patch_collection","next.filter",45
"src/task/collection-patch.ts","patch_collection","deleteIds.has",45
"src/task/collection-patch.ts","patch_collection","next.push",47
"src/task/collection-patch.ts","patch_collection","deleted_ids.add",49
"src/task/collection-patch.ts","patch_collection","normalize_id",55
"src/task/collection-patch.ts","patch_collection","next.findIndex",56
"src/task/collection-patch.ts","patch_collection","options.apply_update",70
"src/task/collection-patch.ts","patch_collection","next.reduce",75
"src/task/collection-patch.ts","patch_collection","Math.max",75
"src/task/collection-patch.ts","patch_collection","options.apply_add",77
"src/task/collection-patch.ts","patch_collection","next.push",79
"src/task/notes.repository.ts","add_discovery","require_task",17
"src/task/notes.repository.ts","add_discovery","Math.max",19
"src/task/notes.repository.ts","add_discovery","JSON.stringify",33
"src/task/notes.repository.ts","add_discovery","eq",36
"src/task/notes.repository.ts","add_discovery","require_task",39
"src/task/notes.repository.ts","add_decision","require_task",46
"src/task/notes.repository.ts","add_decision","Math.max",48
"src/task/notes.repository.ts","add_decision","JSON.stringify",63
"src/task/notes.repository.ts","add_decision","eq",66
"src/task/notes.repository.ts","add_decision","require_task",69
"src/task/steps.repository.ts","add_steps","require_task",19
"src/task/steps.repository.ts","add_steps","existingSteps.reduce",22
"src/task/steps.repository.ts","add_steps","Math.max",22
"src/task/steps.repository.ts","add_steps","allSteps.find",39
"src/task/steps.repository.ts","add_steps","JSON.stringify",46
"src/task/steps.repository.ts","add_steps","eq",50
"src/task/steps.repository.ts","add_steps","require_task",53
"src/task/steps.repository.ts","complete_step","require_task",60
"src/task/steps.repository.ts","complete_step","requireStep",76
"src/task/steps.repository.ts","complete_step","JSON.stringify",107
"src/task/steps.repository.ts","complete_step","eq",111
"src/task/steps.repository.ts","complete_step","require_task",114
"src/task/steps.repository.ts","update_step","require_task",121
"src/task/steps.repository.ts","update_step","requireStep",131
"src/task/steps.repository.ts","update_step","JSON.stringify",157
"src/task/steps.repository.ts","update_step","eq",160
"src/task/steps.repository.ts","update_step","require_task",163
"src/task/tasks.repository.list.ts","encode_cursor","Buffer.from",26
"src/task/tasks.repository.list.ts","encode_cursor","JSON.stringify",27
"src/task/tasks.repository.list.ts","decode_cursor","Buffer.from",39
"src/task/tasks.repository.list.ts","decode_cursor","JSON.parse",40
"src/task/tasks.repository.list.ts","build_list_where","where.push",63
"src/task/tasks.repository.list.ts","build_list_where","ne",63
"src/task/tasks.repository.list.ts","build_list_where","where.push",67
"src/task/tasks.repository.list.ts","build_list_where","ne",67
"src/task/tasks.repository.list.ts","build_list_where","where.push",68
"src/task/tasks.repository.list.ts","build_list_where","ne",68
"src/task/tasks.repository.list.ts","build_list_where","where.push",70
"src/task/tasks.repository.list.ts","build_list_where","eq",70
"src/task/tasks.repository.list.ts","build_list_where","where.push",74
"src/task/tasks.repository.list.ts","build_list_where","eq",74
"src/task/tasks.repository.list.ts","build_list_where","where.push",78
"src/task/tasks.repository.list.ts","build_list_where","isNull",80
"src/task/tasks.repository.list.ts","build_list_where","eq",81
"src/task/tasks.repository.list.ts","resolve_list_sort","decode_cursor",111
"src/task/tasks.repository.list.ts","append_cursor_where","where.push",127
"src/task/tasks.repository.list.ts","append_cursor_where","sql.raw",128
"src/task/tasks.repository.list.ts","append_cursor_where","where.push",134
"src/task/tasks.repository.list.ts","append_cursor_where","sql.raw",135
"src/task/tasks.repository.list.ts","append_cursor_where","where.push",140
"src/task/tasks.repository.list.ts","append_cursor_where","sql.raw",141
"src/task/tasks.repository.list.ts","build_next_cursor","encode_cursor",161
"src/task/tasks.repository.list.ts","list_tasks","build_list_where",172
"src/task/tasks.repository.list.ts","list_tasks","resolve_list_sort",174
"src/task/tasks.repository.list.ts","list_tasks","append_cursor_where",177
"src/task/tasks.repository.list.ts","list_tasks","db.select",181
"src/task/tasks.repository.list.ts","list_tasks","baseQuery.where",183
"src/task/tasks.repository.list.ts","list_tasks","and",183
"src/task/tasks.repository.list.ts","list_tasks","filteredQuery.orderBy",186
"src/task/tasks.repository.list.ts","list_tasks","orderFn",187
"src/task/tasks.repository.list.ts","list_tasks","orderFn",188
"src/task/tasks.repository.list.ts","list_tasks","orderFn",189
"src/task/tasks.repository.list.ts","list_tasks","filteredQuery.orderBy",191
"src/task/tasks.repository.list.ts","list_tasks","orderFn",191
"src/task/tasks.repository.list.ts","list_tasks","orderFn",191
"src/task/tasks.repository.list.ts","list_tasks","orderedQuery.limit",192
"src/task/tasks.repository.list.ts","list_tasks","rows.slice",195
"src/task/tasks.repository.list.ts","list_tasks","slice.map",196
"src/task/tasks.repository.list.ts","list_tasks","slice.at",202
"src/task/tasks.repository.list.ts","list_tasks","build_next_cursor",206
"src/task/tasks.repository.list.ts","list_tasks_by_statuses","ne",216
"src/task/tasks.repository.list.ts","list_tasks_by_statuses","where.push",220
"src/task/tasks.repository.list.ts","list_tasks_by_statuses","inArray",220
"src/task/tasks.repository.list.ts","list_tasks_by_statuses","where.push",225
"src/task/tasks.repository.list.ts","list_tasks_by_statuses","isNull",225
"src/task/tasks.repository.list.ts","list_tasks_by_statuses","where.push",227
"src/task/tasks.repository.list.ts","list_tasks_by_statuses","eq",227
"src/task/tasks.repository.list.ts","list_tasks_by_statuses","and",234
"src/task/tasks.repository.list.ts","list_tasks_by_statuses","asc",235
"src/task/tasks.repository.list.ts","list_tasks_by_statuses","asc",235
"src/task/tasks.repository.list.ts","list_tasks_by_statuses","asc",235
"src/task/tasks.repository.list.ts","list_tasks_by_statuses","rows.map",238
"src/task/tasks.repository.ts","task_exists","and",28
"src/task/tasks.repository.ts","task_exists","eq",28
"src/task/tasks.repository.ts","task_exists","ne",28
"src/task/tasks.repository.ts","require_task","get_task",37
"src/task/tasks.repository.ts","validate_blockers","Array.from",50
"src/task/tasks.repository.ts","validate_blockers","and",54
"src/task/tasks.repository.ts","validate_blockers","inArray",54
"src/task/tasks.repository.ts","validate_blockers","ne",54
"src/task/tasks.repository.ts","validate_blockers","rows.map",57
"src/task/tasks.repository.ts","validate_blockers","unique.filter",58
"src/task/tasks.repository.ts","validate_blockers","found.has",58
"src/task/tasks.repository.ts","validate_parent_exists","task_exists",66
"src/task/tasks.repository.ts","has_open_blockers","and",82
"src/task/tasks.repository.ts","has_open_blockers","inArray",82
"src/task/tasks.repository.ts","has_open_blockers","ne",82
"src/task/tasks.repository.ts","has_open_blockers","rows.filter",86
"src/task/tasks.repository.ts","has_open_blockers","open.has",86
"src/task/tasks.repository.ts","create_task","randomId",93
"src/task/tasks.repository.ts","create_task","normalize_priority",98
"src/task/tasks.repository.ts","create_task","validate_blocker_list",100
"src/task/tasks.repository.ts","create_task","validate_parent_exists",101
"src/task/tasks.repository.ts","create_task","validate_blockers",103
"src/task/tasks.repository.ts","create_task","missingBlockers.join",107
"src/task/tasks.repository.ts","create_task","missingBlockers.join",108
"src/task/tasks.repository.ts","create_task","JSON.stringify",130
"src/task/tasks.repository.ts","create_task","db.select",136
"src/task/tasks.repository.ts","create_task","eq",136
"src/task/tasks.repository.ts","create_task","row_to_task",141
"src/task/tasks.repository.ts","ensure_task","require_task",154
"src/task/tasks.repository.ts","update_task","validate_parent_exists",160
"src/task/tasks.repository.ts","update_task","validate_blocker_list",164
"src/task/tasks.repository.ts","update_task","validate_blockers",165
"src/task/tasks.repository.ts","update_task","missingBlockers.join",169
"src/task/tasks.repository.ts","update_task","missingBlockers.join",170
"src/task/tasks.repository.ts","update_task","apply_core_updates",175
"src/task/tasks.repository.ts","update_task","ensure_task",178
"src/task/tasks.repository.ts","update_task","build_steps_update",179
"src/task/tasks.repository.ts","update_task","ensure_task",185
"src/task/tasks.repository.ts","update_task","build_discoveries_update",186
"src/task/tasks.repository.ts","update_task","ensure_task",193
"src/task/tasks.repository.ts","update_task","build_decisions_update",194
"src/task/tasks.repository.ts","update_task","Object.keys",197
"src/task/tasks.repository.ts","update_task","db.update",203
"src/task/tasks.repository.ts","update_task","eq",203
"src/task/tasks.repository.ts","update_task","db.select",205
"src/task/tasks.repository.ts","update_task","eq",205
"src/task/tasks.repository.ts","update_task","row_to_task",210
"src/task/tasks.repository.ts","get_task","db.select",217
"src/task/tasks.repository.ts","get_task","eq",217
"src/task/tasks.repository.ts","get_task","row_to_task",218
"src/task/tasks.repository.ts","delete_task","eq",228
"src/task/tasks.repository.ts","delete_task","db.select",231
"src/task/tasks.repository.ts","delete_task","eq",231
"src/task/tasks.repository.ts","complete_task","require_task",241
"src/task/tasks.repository.ts","complete_task","has_open_blockers",243
"src/task/tasks.repository.ts","complete_task","openBlockers.join",247
"src/task/tasks.repository.ts","complete_task","openBlockers.join",248
"src/task/tasks.repository.ts","complete_task","eq",261
"src/task/tasks.repository.ts","complete_task","require_task",264
"src/task/util.ts","dir_exists","stat",12
"src/task/util.ts","dir_exists","info.isDirectory",13
"src/task/util.ts","file_exists","stat",21
"src/task/util.ts","file_exists","info.isFile",22
"src/task/util.ts","init_status","dir_exists",33
"src/task/util.ts","init_status","continuumDir",33
"src/task/util.ts","init_status","file_exists",34
"src/task/util.ts","init_status","canonicalDbFilePath",34
"src/task/util.ts","init_project","dir_exists",47
"src/task/util.ts","init_project","continuumDir",47
"src/task/util.ts","init_project","mkdir",48
"src/task/util.ts","init_project","continuumDir",48
"src/task/util.ts","init_project","prepareCanonicalDatabase",50
"src/workspace/resolve.ts","resolveWorkspaceContext","resolve",29
"src/workspace/resolve.ts","resolveWorkspaceContext","process.cwd",29
"src/workspace/resolve.ts","resolveWorkspaceContext","resolveFrom",31
"src/workspace/resolve.ts","resolveWorkspaceContext","findWorkspaceRoot",34
"src/workspace/resolve.ts","resolveWorkspaceContext","join",35
"src/workspace/resolve.ts","resolveWorkspaceContext","join",36
"src/workspace/resolve.ts","resolveWorkspaceContext","join",37
"src/workspace/resolve.ts","resolveWorkspaceContext","canonicalDbFilePath",46
"src/workspace/resolve.ts","resolveWorkspaceContext","resolveDefaultOpencodeDbPath",47
"src/workspace/resolve.ts","resolveWorkspaceRoot","resolveWorkspaceContext",54
"src/workspace/resolve.ts","resolveFrom","isAbsolute",58
"src/workspace/resolve.ts","resolveFrom","resolve",61
"src/workspace/resolve.ts","findWorkspaceRoot","resolve",65
"src/workspace/resolve.ts","findWorkspaceRoot","isWorkspaceRoot",68
"src/workspace/resolve.ts","findWorkspaceRoot","dirname",71
"src/workspace/resolve.ts","findWorkspaceRoot","resolve",73
"src/workspace/resolve.ts","isWorkspaceRoot","hasDirectory",81
"src/workspace/resolve.ts","isWorkspaceRoot","join",81
"src/workspace/resolve.ts","isWorkspaceRoot","hasGitMarker",81
"src/workspace/resolve.ts","hasGitMarker","join",86
"src/workspace/resolve.ts","hasGitMarker","existsSync",87
"src/workspace/resolve.ts","hasDirectory","statSync",95
"src/workspace/resolve.ts","resolveDefaultOpencodeDbPath","join",103
"src/workspace/resolve.ts","resolveDefaultOpencodeDbPath","join",104
"src/workspace/resolve.ts","resolveDefaultOpencodeDbPath","homedir",104
