file,line,function,kind,condition,paths
"src/backup/config.ts","30","configureBackup","if","existsSync(path)","true | fallthrough"
"src/backup/config.ts","39","configureBackup","short-circuit","input.projectId ?? randomUUID()","left determines | evaluate right"
"src/backup/config.ts","40","configureBackup","short-circuit","input.writerId ?? randomUUID()","left determines | evaluate right"
"src/backup/config.ts","41","configureBackup","short-circuit","input.now ?? new Date()","left determines | evaluate right"
"src/backup/config.ts","50","readBackupConfig","if","!existsSync(path)","true | fallthrough"
"src/backup/config.ts","70","validateBucket","if","!/^[a-z0-9][a-z0-9-]{1,61}[a-z0-9]$/.test(bucket)","true | fallthrough"
"src/backup/config.ts","79","assertCompatible","if","existing.bucket !== input.bucket","true | fallthrough"
"src/backup/config.ts","84","assertCompatible","if","input.projectId && existing.projectId !== input.projectId.toLowerCase()","true | fallthrough"
"src/backup/config.ts","84","assertCompatible","short-circuit","input.projectId && existing.projectId !== input.projectId.toLowerCase()","left determines | evaluate right"
"src/backup/config.ts","87","assertCompatible","if","input.writerId && existing.writerId !== input.writerId.toLowerCase()","true | fallthrough"
"src/backup/config.ts","87","assertCompatible","short-circuit","input.writerId && existing.writerId !== input.writerId.toLowerCase()","left determines | evaluate right"
"src/backup/contracts.ts","97","decodeBackupManifest","if","!Array.isArray(tables) || !tables.every((item) => typeof item === 'string')","true | fallthrough"
"src/backup/contracts.ts","98","decodeBackupManifest","short-circuit","!Array.isArray(tables) || !tables.every((item) => typeof item === 'string')","left determines | evaluate right"
"src/backup/contracts.ts","152","parseObject","catch","cause","success | failure"
"src/backup/contracts.ts","153","parseObject","ternary","cause instanceof Error","true | false"
"src/backup/contracts.ts","156","parseObject","if","!isObject(value)","true | fallthrough"
"src/backup/contracts.ts","161","assertVersion","if","value.formatVersion !== BACKUP_FORMAT_VERSION","true | fallthrough"
"src/backup/contracts.ts","173","requiredObject","if","!isObject(field)","true | fallthrough"
"src/backup/contracts.ts","179","requiredString","if","typeof field !== 'string' || field.length === 0","true | fallthrough"
"src/backup/contracts.ts","179","requiredString","short-circuit","typeof field !== 'string' || field.length === 0","left determines | evaluate right"
"src/backup/contracts.ts","190","optionalString","if","field === null","true | fallthrough"
"src/backup/contracts.ts","196","requiredUuid","if","!/^[0-9a-f]{8}-[0-9a-f]{4}-[1-8][0-9a-f]{3}-[89ab][0-9a-f]{3}-[0-9a-f]{12}$/i.test( field, )","true | fallthrough"
"src/backup/contracts.ts","211","requiredGeneration","if","!/^\d{8}T\d{9}Z-[0-9a-f-]{36}$/.test(field)","true | fallthrough"
"src/backup/contracts.ts","221","optionalGeneration","if","value[key] === null","true | fallthrough"
"src/backup/contracts.ts","227","requiredDate","if","!Number.isFinite(Date.parse(field))","true | fallthrough"
"src/backup/contracts.ts","234","requiredDigest","if","!/^[0-9a-f]{64}$/.test(field)","true | fallthrough"
"src/backup/contracts.ts","243","requiredNonnegativeInteger","if","!Number.isSafeInteger(field) || typeof field !== 'number' || field < 0","true | fallthrough"
"src/backup/contracts.ts","243","requiredNonnegativeInteger","short-circuit","!Number.isSafeInteger(field) || typeof field !== 'number' || field < 0","left determines | evaluate right"
"src/backup/contracts.ts","243","requiredNonnegativeInteger","short-circuit","!Number.isSafeInteger(field) || typeof field !== 'number'","left determines | evaluate right"
"src/backup/contracts.ts","253","optionalNonnegativeInteger","if","value[key] === null","true | fallthrough"
"src/backup/contracts.ts","258","requiredSha256Algorithm","if","value.algorithm !== 'sha256'","true | fallthrough"
"src/backup/contracts.ts","265","isObject","short-circuit","typeof value === 'object' && value !== null && !Array.isArray(value)","left determines | evaluate right"
"src/backup/contracts.ts","265","isObject","short-circuit","typeof value === 'object' && value !== null","left determines | evaluate right"
"src/backup/database-metadata.ts","47","<callback>","short-circuit","migration?.created_at ?? null","left determines | evaluate right"
"src/backup/database-metadata.ts","48","<callback>","short-circuit","migration?.hash ?? null","left determines | evaluate right"
"src/backup/database-metadata.ts","61","assertSnapshotMetadata","if","expected.applicationVersion !== actual.applicationVersion","true | fallthrough"
"src/backup/database-metadata.ts","66","assertSnapshotMetadata","if","expected.migrationCreatedAt !== actual.migrationCreatedAt || expected.migrationHash !== actual.migrationHash","true | fallthrough"
"src/backup/database-metadata.ts","67","assertSnapshotMetadata","short-circuit","expected.migrationCreatedAt !== actual.migrationCreatedAt || expected.migrationHash !== actual.migrationHash","left determines | evaluate right"
"src/backup/database-metadata.ts","74","assertSnapshotMetadata","if","expected.tables.join('\n') !== actual.tables.join('\n')","true | fallthrough"
"src/backup/database-metadata.ts","96","assertRequiredTables","if","missing.length > 0","true | fallthrough"
"src/backup/database-metadata.ts","106","readApplicationVersion","if","typeof value !== 'object' || value === null || !('version' in value) || typeof value.version !== 'string'","true | fallthrough"
"src/backup/database-metadata.ts","107","readApplicationVersion","short-circuit","typeof value !== 'object' || value === null || !('version' in value) || typeof value.version !== 'string'","left determines | evaluate right"
"src/backup/database-metadata.ts","107","readApplicationVersion","short-circuit","typeof value !== 'object' || value === null || !('version' in value)","left determines | evaluate right"
"src/backup/database-metadata.ts","107","readApplicationVersion","short-circuit","typeof value !== 'object' || value === null","left determines | evaluate right"
"src/backup/object-store.ts","33","<module>","short-circuit","options.executable ?? process.env.CONTINUUM_WRANGLER ?? 'wrangler'","left determines | evaluate right"
"src/backup/object-store.ts","33","<module>","short-circuit","options.executable ?? process.env.CONTINUUM_WRANGLER","left determines | evaluate right"
"src/backup/object-store.ts","34","<module>","short-circuit","options.environment ?? process.env","left determines | evaluate right"
"src/backup/object-store.ts","49","<callback>","if","result.status === 0","true | fallthrough"
"src/backup/object-store.ts","50","<callback>","if","isMissingObject(result.stderr)","true | fallthrough"
"src/backup/object-store.ts","70","<callback>","if","result.status !== 0","true | fallthrough"
"src/backup/object-store.ts","80","#run","if","result.error","true | fallthrough"
"src/backup/object-store.ts","85","#run","short-circuit","result.stdout ?? ''","left determines | evaluate right"
"src/backup/object-store.ts","86","#run","short-circuit","result.stderr ?? ''","left determines | evaluate right"
"src/backup/object-store.ts","98","putImmutable","if","existing","true | fallthrough"
"src/backup/object-store.ts","99","putImmutable","if","bytesDigest(existing) !== bytesDigest(content)","true | fallthrough"
"src/backup/object-store.ts","107","putImmutable","if","!uploaded || bytesDigest(uploaded) !== bytesDigest(content)","true | fallthrough"
"src/backup/object-store.ts","107","putImmutable","short-circuit","!uploaded || bytesDigest(uploaded) !== bytesDigest(content)","left determines | evaluate right"
"src/backup/object-store.ts","137","commandFailure","short-circuit","result.stderr.trim() || result.stdout.trim() || 'unknown error'","left determines | evaluate right"
"src/backup/object-store.ts","137","commandFailure","short-circuit","result.stderr.trim() || result.stdout.trim()","left determines | evaluate right"
"src/backup/service.ts","71","listBackups","if","!Number.isSafeInteger(limit) || limit < 1 || limit > 1_000","true | fallthrough"
"src/backup/service.ts","71","listBackups","short-circuit","!Number.isSafeInteger(limit) || limit < 1 || limit > 1_000","left determines | evaluate right"
"src/backup/service.ts","71","listBackups","short-circuit","!Number.isSafeInteger(limit) || limit < 1","left determines | evaluate right"
"src/backup/service.ts","76","listBackups","if","!head","true | fallthrough"
"src/backup/service.ts","81","listBackups","loop","generation && manifests.length < limit","iterate | exit"
"src/backup/service.ts","81","listBackups","short-circuit","generation && manifests.length < limit","left determines | evaluate right"
"src/backup/service.ts","82","listBackups","if","visited.has(generation)","true | fallthrough"
"src/backup/service.ts","98","restoreBackup","short-circuit","options.generation ?? requireHead(store, config).generation","left determines | evaluate right"
"src/backup/service.ts","102","restoreBackup","if","!bytes","true | fallthrough"
"src/backup/service.ts","107","restoreBackup","short-circuit","options.outputPath ?? join( canonicalProjectDir(workspaceRoot), 'restores', `${generation}.sqlite`, )","left determines | evaluate right"
"src/backup/service.ts","137","createManifest","short-circuit","head?.generation ?? null","left determines | evaluate right"
"src/backup/service.ts","153","readHead","if","!bytes","true | fallthrough"
"src/backup/service.ts","155","readHead","if","head.projectId !== config.projectId","true | fallthrough"
"src/backup/service.ts","158","readHead","if","head.writerId !== config.writerId","true | fallthrough"
"src/backup/service.ts","164","readHead","if","head.manifestKey !== expectedKey","true | fallthrough"
"src/backup/service.ts","175","requireHead","if","!head","true | fallthrough"
"src/backup/service.ts","187","readManifest","if","!bytes","true | fallthrough"
"src/backup/service.ts","189","readManifest","if","manifest.projectId !== config.projectId || manifest.generation !== generation","true | fallthrough"
"src/backup/service.ts","190","readManifest","short-circuit","manifest.projectId !== config.projectId || manifest.generation !== generation","left determines | evaluate right"
"src/backup/service.ts","195","readManifest","if","manifest.writerId !== config.writerId","true | fallthrough"
"src/backup/service.ts","199","readManifest","if","manifest.database.objectKey !== expectedDatabaseKey","true | fallthrough"
"src/backup/service.ts","211","assertHeadUnchanged","if","current?.generation !== initial?.generation","true | fallthrough"
"src/backup/service.ts","237","publishHead","if","!published || bytesDigest(published) !== bytesDigest(content)","true | fallthrough"
"src/backup/service.ts","237","publishHead","short-circuit","!published || bytesDigest(published) !== bytesDigest(content)","left determines | evaluate right"
"src/backup/service.ts","246","validateDatabaseBytes","if","bytes.byteLength !== manifest.database.byteLength || bytesDigest(bytes) !== manifest.database.digest","true | fallthrough"
"src/backup/service.ts","247","validateDatabaseBytes","short-circuit","bytes.byteLength !== manifest.database.byteLength || bytesDigest(bytes) !== manifest.database.digest","left determines | evaluate right"
"src/backup/service.ts","262","validateGenerationInput","if","!/^\d{8}T\d{9}Z-[0-9a-f-]{36}$/.test(generation)","true | fallthrough"
"src/cli.ts","31","main","catch","error","success | failure"
"src/cli.ts","32","main","if","error instanceof Error && error.name === 'CommanderError'","true | fallthrough"
"src/cli.ts","32","main","short-circuit","error instanceof Error && error.name === 'CommanderError'","left determines | evaluate right"
"src/cli.ts","39","main","if","!options.preserveProcessExitCode","true | fallthrough"
"src/cli.ts","87","<callback>","if","!status.created","true | fallthrough"
"src/cli.ts","110","<callback>","loop","root.parent","iterate | exit"
"src/cli.ts","114","<callback>","if","options.cwd","true | fallthrough"
"src/cli.ts","118","<callback>","if","!isMemoryCommand(actionCommand)","true | fallthrough"
"src/cli.ts","131","<callback>","if","!isMemoryCommand(actionCommand)","true | fallthrough"
"src/cli.ts","140","<callback>","short-circuit","command[PREVIOUS_WORKSPACE_CONTEXT] ?? null","left determines | evaluate right"
"src/cli.ts","141","<callback>","if","previous","true | false"
"src/cli.ts","151","parseProgram","if","process.argv.length <= 2","true | fallthrough"
"src/cli.ts","161","isMemoryCommand","loop","current","iterate | exit"
"src/cli.ts","162","isMemoryCommand","if","current.name() === 'memory'","true | fallthrough"
"src/cli.ts","165","isMemoryCommand","short-circuit","current.parent ?? null","left determines | evaluate right"
"src/cli/commands/backup.ts","82","<callback>","if","manifests.length === 0","true | fallthrough"
"src/cli/commands/backup.ts","86","<callback>","loop","manifests","each | empty/done"
"src/cli/commands/backup.ts","136","parseLimit","if","!Number.isSafeInteger(parsed) || parsed < 1 || parsed > 1_000","true | fallthrough"
"src/cli/commands/backup.ts","136","parseLimit","short-circuit","!Number.isSafeInteger(parsed) || parsed < 1 || parsed > 1_000","left determines | evaluate right"
"src/cli/commands/backup.ts","136","parseLimit","short-circuit","!Number.isSafeInteger(parsed) || parsed < 1","left determines | evaluate right"
"src/cli/commands/memory/recall-basic-handlers.ts","42","<callback>","ternary","options.after","true | false"
"src/cli/commands/memory/recall-basic-handlers.ts","43","<callback>","ternary","options.limit","true | false"
"src/cli/commands/memory/recall-basic-handlers.ts","49","<callback>","ternary","result.dryRun","true | false"
"src/cli/commands/memory/recall-basic-handlers.ts","60","parseDate","if","Number.isNaN(date.getTime())","true | fallthrough"
"src/cli/io.ts","34","getGlobalOptions","if","!command || typeof (command as Command).opts !== 'function'","true | fallthrough"
"src/cli/io.ts","34","getGlobalOptions","short-circuit","!command || typeof (command as Command).opts !== 'function'","left determines | evaluate right"
"src/cli/io.ts","38","getGlobalOptions","short-circuit","activeWorkspace?.workspaceRoot ?? process.cwd()","left determines | evaluate right"
"src/cli/io.ts","43","getGlobalOptions","loop","root.parent","iterate | exit"
"src/cli/io.ts","46","getGlobalOptions","if","typeof root.opts !== 'function'","true | fallthrough"
"src/cli/io.ts","50","getGlobalOptions","short-circuit","activeWorkspace?.workspaceRoot ?? process.cwd()","left determines | evaluate right"
"src/cli/io.ts","58","getGlobalOptions","short-circuit","activeWorkspace?.workspaceRoot ?? options.cwd ?? process.cwd()","left determines | evaluate right"
"src/cli/io.ts","58","getGlobalOptions","short-circuit","activeWorkspace?.workspaceRoot ?? options.cwd","left determines | evaluate right"
"src/cli/io.ts","63","readInput","if","value === undefined","true | fallthrough"
"src/cli/io.ts","64","readInput","if","value === '@-'","true | fallthrough"
"src/cli/io.ts","70","readInput","if","process.stdin.isTTY","true | fallthrough"
"src/cli/io.ts","74","readInput","if","!stdin","true | fallthrough"
"src/cli/io.ts","79","readInput","if","value.startsWith('@')","true | fallthrough"
"src/cli/io.ts","81","readInput","if","!path","true | fallthrough"
"src/cli/io.ts","93","readJsonInput","if","raw === undefined","true | fallthrough"
"src/cli/io.ts","96","readJsonInput","catch","error","success | failure"
"src/cli/io.ts","97","readJsonInput","ternary","error instanceof Error","true | false"
"src/cli/io.ts","103","parseIdList","if","!value","true | fallthrough"
"src/cli/io.ts","104","parseIdList","ternary","Array.isArray(value)","true | false"
"src/cli/io.ts","108","parseIdList","ternary","trimmed.length > 0","true | false"
"src/cli/io.ts","120","runCommand","if","options.json","true | fallthrough"
"src/cli/io.ts","129","runCommand","if","!options.quiet","true | fallthrough"
"src/cli/io.ts","132","runCommand","catch","error","success | failure"
"src/cli/io.ts","133","runCommand","if","options.json","true | fallthrough"
"src/cli/io.ts","171","<callback>","if","Result.isFailure(result)","true | fallthrough"
"src/cli/io.ts","179","formatError","if","isContinuumError(error)","true | fallthrough"
"src/cli/io.ts","186","formatError","if","isCanonicalStorageError(error)","true | fallthrough"
"src/cli/io.ts","189","formatError","if","typeof error === 'object' && error !== null && '_tag' in error","true | fallthrough"
"src/cli/io.ts","189","formatError","short-circuit","typeof error === 'object' && error !== null && '_tag' in error","left determines | evaluate right"
"src/cli/io.ts","189","formatError","short-circuit","typeof error === 'object' && error !== null","left determines | evaluate right"
"src/cli/io.ts","192","formatError","ternary","cause instanceof Error","true | false"
"src/cli/io.ts","192","formatError","short-circuit","cause ?? ''","left determines | evaluate right"
"src/cli/io.ts","198","formatError","ternary","error instanceof Error","true | false"
"src/db/client.ts","34","getDbClientByPath","if","!client","true | fallthrough"
"src/db/client.ts","38","getDbClientByPath","if","options.migrate !== false && !migratedPaths.has(dbPath)","true | fallthrough"
"src/db/client.ts","38","getDbClientByPath","short-circuit","options.migrate !== false && !migratedPaths.has(dbPath)","left determines | evaluate right"
"src/db/migrate.ts","33","applyMigrations","if","migrations.length === 0","true | fallthrough"
"src/db/migrate.ts","41","applyMigrations","if","isMigrationStateCurrent(sqlite, latestMigrationMillis)","true | fallthrough"
"src/db/migrate.ts","50","applyMigrations","loop","migrations","each | empty/done"
"src/db/migrate.ts","51","applyMigrations","if","lastAppliedMillis !== null && Number(lastAppliedMillis) >= migration.folderMillis","true | fallthrough"
"src/db/migrate.ts","52","applyMigrations","short-circuit","lastAppliedMillis !== null && Number(lastAppliedMillis) >= migration.folderMillis","left determines | evaluate right"
"src/db/migrate.ts","58","applyMigrations","loop","migration.sql","each | empty/done"
"src/db/migrate.ts","59","applyMigrations","if","statement.trim().length === 0","true | fallthrough"
"src/db/migrate.ts","72","applyMigrations","catch","error","success | failure"
"src/db/migrate.ts","82","isMigrationStateCurrent","if","!hasMigrationsTable(sqlite)","true | fallthrough"
"src/db/migrate.ts","88","isMigrationStateCurrent","short-circuit","lastAppliedMillis !== null && Number(lastAppliedMillis) >= latestMigrationMillis","left determines | evaluate right"
"src/db/migrate.ts","118","readLastAppliedMigrationMillis","short-circuit","row?.created_at ?? null","left determines | evaluate right"
"src/db/migrate.ts","123","readArg","if","index === -1","true | fallthrough"
"src/db/migrate.ts","124","readArg","short-circuit","args[index + 1] ?? null","left determines | evaluate right"
"src/db/migrate.ts","130","main","short-circuit","readArg('--db', args) ?? `${process.cwd()}/.continuum/continuum.db`","left determines | evaluate right"
"src/db/migrate.ts","134","<module>","if","import.meta.main","true | fallthrough"
"src/db/paths.ts","24","canonicalDataHome","if","options.dataHome","true | fallthrough"
"src/db/paths.ts","25","canonicalDataHome","if","process.env.XDG_DATA_HOME","true | fallthrough"
"src/db/paths.ts","26","canonicalDataHome","short-circuit","process.env.HOME ?? homedir()","left determines | evaluate right"
"src/db/paths.ts","33","normalizedWorkspacePath","catch","cause","success | failure"
"src/db/storage-receipt.ts","60","publishMigrationReceipt","catch","cause","success | failure"
"src/db/storage-receipt.ts","61","publishMigrationReceipt","if","!existsSync(path)","true | fallthrough"
"src/db/storage-receipt.ts","65","publishMigrationReceipt","if","existsSync(staging)","true | fallthrough"
"src/db/storage-receipt.ts","72","readMigrationReceipt","catch","cause","success | failure"
"src/db/storage-receipt.ts","85","verifyMigrationReceipt","short-circuit","receipt.version === RECEIPT_VERSION && receipt.projectId === projectStorageId(workspaceRoot) && receipt.workspacePath === normalizedWorkspacePath(workspaceRoot) && receipt.sourcePath === sourcePath && receipt.destinationPath === destination","left determines | evaluate right"
"src/db/storage-receipt.ts","85","verifyMigrationReceipt","short-circuit","receipt.version === RECEIPT_VERSION && receipt.projectId === projectStorageId(workspaceRoot) && receipt.workspacePath === normalizedWorkspacePath(workspaceRoot) && receipt.sourcePath === sourcePath","left determines | evaluate right"
"src/db/storage-receipt.ts","85","verifyMigrationReceipt","short-circuit","receipt.version === RECEIPT_VERSION && receipt.projectId === projectStorageId(workspaceRoot) && receipt.workspacePath === normalizedWorkspacePath(workspaceRoot)","left determines | evaluate right"
"src/db/storage-receipt.ts","85","verifyMigrationReceipt","short-circuit","receipt.version === RECEIPT_VERSION && receipt.projectId === projectStorageId(workspaceRoot)","left determines | evaluate right"
"src/db/storage-receipt.ts","90","verifyMigrationReceipt","if","!identityMatches","true | fallthrough"
"src/db/storage-receipt.ts","95","verifyMigrationReceipt","if","receipt.sourceFingerprint.digest !== sourceFingerprint.digest","true | fallthrough"
"src/db/storage-receipt.ts","110","warnRemovableLegacySource","if","!warn || warnedSources.has(key)","true | fallthrough"
"src/db/storage-receipt.ts","110","warnRemovableLegacySource","short-circuit","!warn || warnedSources.has(key)","left determines | evaluate right"
"src/db/storage-receipt.ts","123","assertEquivalentReceipt","short-circuit","actual.version === expected.version && actual.projectId === expected.projectId && actual.sourcePath === expected.sourcePath && actual.destinationPath === expected.destinationPath && actual.sourceFingerprint.digest === expected.sourceFingerp","left determines | evaluate right"
"src/db/storage-receipt.ts","123","assertEquivalentReceipt","short-circuit","actual.version === expected.version && actual.projectId === expected.projectId && actual.sourcePath === expected.sourcePath && actual.destinationPath === expected.destinationPath","left determines | evaluate right"
"src/db/storage-receipt.ts","123","assertEquivalentReceipt","short-circuit","actual.version === expected.version && actual.projectId === expected.projectId && actual.sourcePath === expected.sourcePath","left determines | evaluate right"
"src/db/storage-receipt.ts","123","assertEquivalentReceipt","short-circuit","actual.version === expected.version && actual.projectId === expected.projectId","left determines | evaluate right"
"src/db/storage-receipt.ts","128","assertEquivalentReceipt","if","!equivalent","true | fallthrough"
"src/db/storage-snapshot.ts","39","readDatabaseSnapshot","catch","cause","success | failure"
"src/db/storage-snapshot.ts","40","readDatabaseSnapshot","if","cause instanceof CanonicalStorageError","true | fallthrough"
"src/db/storage-snapshot.ts","56","publishDatabaseSnapshot","if","validation.fingerprint.digest !== snapshot.fingerprint.digest","true | fallthrough"
"src/db/storage-snapshot.ts","62","publishDatabaseSnapshot","catch","cause","success | failure"
"src/db/storage-snapshot.ts","63","publishDatabaseSnapshot","if","cause instanceof CanonicalStorageError","true | fallthrough"
"src/db/storage-snapshot.ts","69","publishDatabaseSnapshot","if","existsSync(staging)","true | fallthrough"
"src/db/storage-snapshot.ts","92","publishWithoutOverwrite","catch","cause","success | failure"
"src/db/storage-snapshot.ts","93","publishWithoutOverwrite","if","!existsSync(destination)","true | fallthrough"
"src/db/storage-snapshot.ts","95","publishWithoutOverwrite","if","existing.fingerprint.digest !== validation.fingerprint.digest","true | fallthrough"
"src/db/storage-snapshot.ts","105","assertIntegrity","if","rows.length !== 1 || rows[0]?.integrity_check !== 'ok'","true | fallthrough"
"src/db/storage-snapshot.ts","105","assertIntegrity","short-circuit","rows.length !== 1 || rows[0]?.integrity_check !== 'ok'","left determines | evaluate right"
"src/db/storage.ts","52","prepareCanonicalDatabase","if","!existsSync(paths.sourcePath)","true | fallthrough"
"src/db/storage.ts","57","prepareCanonicalDatabase","if","existsSync(paths.receiptPath)","true | fallthrough"
"src/db/storage.ts","60","prepareCanonicalDatabase","if","destinationExisted","true | fallthrough"
"src/db/storage.ts","63","prepareCanonicalDatabase","if","!initialize","true | fallthrough"
"src/db/storage.ts","77","prepareWithoutLegacy","if","initialize && !destinationExisted","true | fallthrough"
"src/db/storage.ts","77","prepareWithoutLegacy","short-circuit","initialize && !destinationExisted","left determines | evaluate right"
"src/db/storage.ts","81","prepareWithoutLegacy","short-circuit","initialize && !destinationExisted","left determines | evaluate right"
"src/db/storage.ts","98","verifyRecordedMigration","if","!existsSync(paths.dbPath)","true | fallthrough"
"src/db/storage.ts","114","adoptEquivalentDestination","if","destination.fingerprint.digest !== source.fingerprint.digest","true | fallthrough"
"src/db/storage.ts","153","assertSourceUnchanged","if","current.fingerprint.digest !== expected.fingerprint.digest","true | fallthrough"
"src/mcp/init-tool.ts","21","initMcpWorkspace","short-circuit","after.pluginDirExists && after.dbFileExists","left determines | evaluate right"
"src/mcp/memory-tools.ts","27","consolidateMcpMemory","if","result.status === 'conflict'","true | fallthrough"
"src/mcp/memory-tools.ts","36","consolidateMcpMemory","if","result.status === 'completed'","true | fallthrough"
"src/mcp/memory-tools.ts","75","importMcpRecall","if","input.sourceDb && !isAbsolute(input.sourceDb)","true | fallthrough"
"src/mcp/memory-tools.ts","75","importMcpRecall","short-circuit","input.sourceDb && !isAbsolute(input.sourceDb)","left determines | evaluate right"
"src/mcp/memory-tools.ts","78","importMcpRecall","ternary","input.after","true | false"
"src/mcp/memory-tools.ts","99","parseDate","if","Number.isNaN(date.getTime())","true | fallthrough"
"src/mcp/tools.ts","31","getSummary","short-circuit","input.taskLimit ?? 5","left determines | evaluate right"
"src/mcp/tools.ts","32","getSummary","short-circuit","input.memoryLimit ?? 3","left determines | evaluate right"
"src/mcp/tools.ts","69","appendMcpMemory","ternary","input.tags","true | false"
"src/mcp/tools.ts","95","searchMcpMemory","short-circuit","input.limit ?? 20","left determines | evaluate right"
"src/mcp/tools.ts","103","resolveMcpWorkspace","if","!isAbsolute(workspace)","true | fallthrough"
"src/mcp/tools.ts","106","resolveMcpWorkspace","if","!existsSync(workspace) || !statSync(workspace).isDirectory()","true | fallthrough"
"src/mcp/tools.ts","106","resolveMcpWorkspace","short-circuit","!existsSync(workspace) || !statSync(workspace).isDirectory()","left determines | evaluate right"
"src/mcp/tools.ts","111","resolveMcpWorkspace","if","!existsSync(resolved.continuumDbPath)","true | fallthrough"
"src/mcp/tools.ts","124","resolveInitWorkspace","if","!isAbsolute(workspace)","true | fallthrough"
"src/mcp/tools.ts","127","resolveInitWorkspace","if","!existsSync(workspace) || !statSync(workspace).isDirectory()","true | fallthrough"
"src/mcp/tools.ts","127","resolveInitWorkspace","short-circuit","!existsSync(workspace) || !statSync(workspace).isDirectory()","left determines | evaluate right"
"src/memory/application/append.ts","46","appendMemory","short-circuit","options.repository ?? makeJournalRepository(getDbClientByPath(options.dbPath))","left determines | evaluate right"
"src/memory/application/append.ts","54","<callback>","short-circuit","(yield* repository.latestBoundary()) ?? 0","left determines | evaluate right"
"src/memory/application/append.ts","58","<callback>","short-circuit","options.publish ?? publishNowProjection","left determines | evaluate right"
"src/memory/application/append.ts","71","<callback>","ternary","projection._tag === 'Success'","true | false"
"src/memory/application/consolidate.ts","63","consolidateMemory","short-circuit","options.journal ?? makeJournalRepository(handle)","left determines | evaluate right"
"src/memory/application/consolidate.ts","65","consolidateMemory","short-circuit","options.consolidations ?? makeConsolidationRepository(handle)","left determines | evaluate right"
"src/memory/application/consolidate.ts","67","<callback>","short-circuit","(yield* journal.latestBoundary()) ?? 0","left determines | evaluate right"
"src/memory/application/consolidate.ts","69","<callback>","if","snapshot === null || snapshot <= boundary","true | fallthrough"
"src/memory/application/consolidate.ts","69","<callback>","short-circuit","snapshot === null || snapshot <= boundary","left determines | evaluate right"
"src/memory/application/consolidate.ts","70","<callback>","short-circuit","options.dryRun ?? false","left determines | evaluate right"
"src/memory/application/consolidate.ts","72","<callback>","if","entries.length === 0","true | fallthrough"
"src/memory/application/consolidate.ts","73","<callback>","short-circuit","options.dryRun ?? false","left determines | evaluate right"
"src/memory/application/consolidate.ts","76","<callback>","if","!first || !last","true | fallthrough"
"src/memory/application/consolidate.ts","76","<callback>","short-circuit","!first || !last","left determines | evaluate right"
"src/memory/application/consolidate.ts","77","<callback>","short-circuit","options.dryRun ?? false","left determines | evaluate right"
"src/memory/application/consolidate.ts","79","<callback>","short-circuit","options.config ?? (yield* loadMemoryConfig(options.memoryDir))","left determines | evaluate right"
"src/memory/application/consolidate.ts","81","<callback>","short-circuit","options.summarize ?? defaultSummarizer(config)","left determines | evaluate right"
"src/memory/application/consolidate.ts","86","<callback>","if","options.dryRun","true | fallthrough"
"src/memory/application/consolidate.ts","104","<callback>","if","Result.isFailure(completion)","true | fallthrough"
"src/memory/application/consolidate.ts","105","<callback>","if","completion.failure instanceof ConsolidationConflictError","true | fallthrough"
"src/memory/application/consolidate.ts","120","<callback>","short-circuit","options.publish ?? publishMemoryProjections","left determines | evaluate right"
"src/memory/application/consolidate.ts","129","<callback>","ternary","projection._tag === 'Success'","true | false"
"src/memory/application/consolidate.ts","139","<callback>","ternary","config.consolidation","true | false"
"src/memory/application/consolidate.ts","146","renderSummaryEntry","if","entry.kind === 'user'","true | fallthrough"
"src/memory/application/consolidate.ts","147","renderSummaryEntry","if","entry.kind === 'agent'","true | fallthrough"
"src/memory/application/consolidate.ts","148","renderSummaryEntry","if","entry.kind === 'tool'","true | fallthrough"
"src/memory/application/legacy-migrate-persist.ts","23","<callback>","if","hasCompletedRun(sqlite)","true | fallthrough"
"src/memory/application/legacy-migrate-persist.ts","24","<callback>","loop","artifacts","each | empty/done"
"src/memory/application/legacy-migrate-persist.ts","26","<callback>","ternary","artifact.result === 'import'","true | false"
"src/memory/application/legacy-migrate-persist.ts","52","importArtifact","if","artifact.kind === 'opencode-summary'","true | fallthrough"
"src/memory/application/legacy-migrate-persist.ts","54","importArtifact","if","artifact.kind === 'opencode-normalized'","true | fallthrough"
"src/memory/application/legacy-migrate-persist.ts","65","importJournalArtifact","short-circuit","artifactDate(artifact) ?? new Date().toISOString()","left determines | evaluate right"
"src/memory/application/legacy-migrate-persist.ts","90","importJournalArtifact","if","artifact.kind === 'now'","true | fallthrough"
"src/memory/application/legacy-migrate-persist.ts","121","importRecallSummary","if","!parsed","true | fallthrough"
"src/memory/application/legacy-migrate-persist.ts","164","importTranscript","if","!sessionId","true | fallthrough"
"src/memory/application/legacy-migrate-persist.ts","211","upsertRecallSource","short-circuit","existing?.id ?? stableId('legacy-opencode-source', source.sessionId)","left determines | evaluate right"
"src/memory/application/legacy-migrate-persist.ts","253","<callback>","ternary","match[1] === 'User'","true | false"
"src/memory/application/legacy-migrate-persist.ts","255","<callback>","short-circuit","match[3] ?? ''","left determines | evaluate right"
"src/memory/application/legacy-migrate-persist.ts","285","artifactDate","ternary","match?.[1]","true | false"
"src/memory/application/legacy-migrate-persist.ts","293","readString","ternary","typeof value === 'string' && value.trim()","true | false"
"src/memory/application/legacy-migrate-persist.ts","293","readString","short-circuit","typeof value === 'string' && value.trim()","left determines | evaluate right"
"src/memory/application/legacy-migrate-persist.ts","297","readTimestamp","ternary","value && !Number.isNaN(Date.parse(value))","true | false"
"src/memory/application/legacy-migrate-persist.ts","297","readTimestamp","short-circuit","value && !Number.isNaN(Date.parse(value))","left determines | evaluate right"
"src/memory/application/query-recall.ts","49","appendRecallEvidence","loop","rows","each | empty/done"
"src/memory/application/query-recall.ts","51","appendRecallEvidence","if","!includeHistory && !current","true | fallthrough"
"src/memory/application/query-recall.ts","51","appendRecallEvidence","short-circuit","!includeHistory && !current","left determines | evaluate right"
"src/memory/application/query-recall.ts","55","appendRecallEvidence","ternary","derived","true | false"
"src/memory/application/query-recall.ts","57","appendRecallEvidence","ternary","derived","true | false"
"src/memory/application/query-recall.ts","59","appendRecallEvidence","ternary","current","true | false"
"src/memory/application/query-recall.ts","70","flattenRecallSummary","catch","cause","success | failure"
"src/memory/application/query-recall.ts","73","flattenRecallSummary","if","'narrative' in summary","true | fallthrough"
"src/memory/application/query.ts","52","<callback>","short-circuit","handle ?? getDbClientByPath(dbPath)","left determines | evaluate right"
"src/memory/application/query.ts","54","<callback>","short-circuit","options.source ?? 'all'","left determines | evaluate right"
"src/memory/application/query.ts","55","<callback>","short-circuit","options.tier ?? 'all'","left determines | evaluate right"
"src/memory/application/query.ts","57","<callback>","if","source !== 'recall' && (tier === 'all' || tier === 'NOW')","true | fallthrough"
"src/memory/application/query.ts","57","<callback>","short-circuit","source !== 'recall' && (tier === 'all' || tier === 'NOW')","left determines | evaluate right"
"src/memory/application/query.ts","57","<callback>","short-circuit","tier === 'all' || tier === 'NOW'","left determines | evaluate right"
"src/memory/application/query.ts","71","<callback>","loop","rows","each | empty/done"
"src/memory/application/query.ts","74","<callback>","short-circuit","row.metadata ?? '{}'","left determines | evaluate right"
"src/memory/application/query.ts","83","<callback>","short-circuit","row.source ?? 'journal'","left determines | evaluate right"
"src/memory/application/query.ts","84","<callback>","short-circuit","metadata.tags ?? []","left determines | evaluate right"
"src/memory/application/query.ts","90","<callback>","if","source !== 'recall' && tier !== 'NOW'","true | fallthrough"
"src/memory/application/query.ts","90","<callback>","short-circuit","source !== 'recall' && tier !== 'NOW'","left determines | evaluate right"
"src/memory/application/query.ts","97","<callback>","loop","rows","each | empty/done"
"src/memory/application/query.ts","116","<callback>","if","source !== 'memory' && tier === 'all'","true | fallthrough"
"src/memory/application/query.ts","116","<callback>","short-circuit","source !== 'memory' && tier === 'all'","left determines | evaluate right"
"src/memory/application/query.ts","120","<callback>","short-circuit","options.limit ?? evidence.length","left determines | evaluate right"
"src/memory/application/query.ts","123","<callback>","ternary","cause instanceof DecodeError","true | false"
"src/memory/application/query.ts","125","<callback>","short-circuit","databaseBusyError('list memory evidence', cause) ?? new DatabaseQueryError({ operation: 'list memory evidence', cause })","left determines | evaluate right"
"src/memory/application/query.ts","157","<callback>","short-circuit","b.score - a.score || compareDates(b.createdAt, a.createdAt)","left determines | evaluate right"
"src/memory/application/query.ts","159","<callback>","short-circuit","limit ?? 20","left determines | evaluate right"
"src/memory/application/query.ts","173","listMemoryEvidenceIncludingRecallHistory","ternary","options.source === 'recall'","true | false"
"src/memory/application/query.ts","180","<callback>","if","options.source === 'memory' || (options.tier !== undefined && options.tier !== 'all')","true | fallthrough"
"src/memory/application/query.ts","181","<callback>","short-circuit","options.source === 'memory' || (options.tier !== undefined && options.tier !== 'all')","left determines | evaluate right"
"src/memory/application/query.ts","182","<callback>","short-circuit","options.tier !== undefined && options.tier !== 'all'","left determines | evaluate right"
"src/memory/application/query.ts","186","<callback>","short-circuit","handle ?? getDbClientByPath(dbPath)","left determines | evaluate right"
"src/memory/application/query.ts","195","<callback>","ternary","cause instanceof DecodeError","true | false"
"src/memory/application/query.ts","197","<callback>","short-circuit","databaseBusyError('list memory evidence history', cause) ?? new DatabaseQueryError({ operation: 'list memory evidence history', cause, })","left determines | evaluate right"
"src/memory/application/query.ts","214","decodeJson","catch","cause","success | failure"
"src/memory/application/query.ts","225","<callback>","if","after && (!item.createdAt || Date.parse(item.createdAt) < after)","true | fallthrough"
"src/memory/application/query.ts","225","<callback>","short-circuit","after && (!item.createdAt || Date.parse(item.createdAt) < after)","left determines | evaluate right"
"src/memory/application/query.ts","225","<callback>","short-circuit","!item.createdAt || Date.parse(item.createdAt) < after","left determines | evaluate right"
"src/memory/application/query.ts","228","<callback>","short-circuit","!options.tags?.length || options.tags.every((tag) => item.tags.includes(tag))","left determines | evaluate right"
"src/memory/application/query.ts","266","appendSummaryItems","if","items.length === 0","true | fallthrough"
"src/memory/application/query.ts","275","compareDates","short-circuit","Date.parse(left ?? '') - Date.parse(right ?? '') || 0","left determines | evaluate right"
"src/memory/application/query.ts","275","compareDates","short-circuit","left ?? ''","left determines | evaluate right"
"src/memory/application/query.ts","275","compareDates","short-circuit","right ?? ''","left determines | evaluate right"
"src/memory/application/recall-import.ts","60","<callback>","ternary","options.repoPath && options.continuumDbPath","true | false"
"src/memory/application/recall-import.ts","60","<callback>","short-circuit","options.repoPath && options.continuumDbPath","left determines | evaluate right"
"src/memory/application/recall-import.ts","61","<callback>","short-circuit","options.repoPath ?? workspace?.workspaceRoot","left determines | evaluate right"
"src/memory/application/recall-import.ts","63","<callback>","short-circuit","options.continuumDbPath ?? workspace?.continuumDbPath","left determines | evaluate right"
"src/memory/application/recall-import.ts","64","<callback>","if","!repoPath || !continuumDbPath","true | fallthrough"
"src/memory/application/recall-import.ts","64","<callback>","short-circuit","!repoPath || !continuumDbPath","left determines | evaluate right"
"src/memory/application/recall-import.ts","73","<callback>","short-circuit","options.extract ?? extractOpencodeSessions","left determines | evaluate right"
"src/memory/application/recall-import.ts","84","<callback>","short-circuit","options.repository ?? makeRecallRepository(getDbClientByPath(continuumDbPath))","left determines | evaluate right"
"src/memory/application/recall-import.ts","87","<callback>","short-circuit","options.summaryConfig ?? resolveSummaryConfig( yield* loadMemoryConfig(options.memoryDir ?? workspace?.memoryDir), )","left determines | evaluate right"
"src/memory/application/recall-import.ts","89","<callback>","short-circuit","options.memoryDir ?? workspace?.memoryDir","left determines | evaluate right"
"src/memory/application/recall-import.ts","98","<callback>","short-circuit","options.dryRun ?? false","left determines | evaluate right"
"src/memory/application/recall-import.ts","105","<callback>","loop","sessions","each | empty/done"
"src/memory/application/recall-import.ts","125","applySessionFilters","ternary","typeof limit === 'number'","true | false"
"src/memory/application/recall-import.ts","131","isAfter","short-circuit","!afterDate || typeof created !== 'number' || created >= afterDate.getTime()","left determines | evaluate right"
"src/memory/application/recall-import.ts","131","isAfter","short-circuit","!afterDate || typeof created !== 'number'","left determines | evaluate right"
"src/memory/application/recall-import.ts","138","isRecallMessage","short-circuit","message.role === 'user' || message.role === 'assistant'","left determines | evaluate right"
"src/memory/application/recall-import.ts","158","<callback>","if","existing?.fingerprint === fingerprint","true | fallthrough"
"src/memory/application/recall-import.ts","162","<callback>","if","options.dryRun","true | fallthrough"
"src/memory/application/recall-import.ts","163","<callback>","ternary","existing","true | false"
"src/memory/application/recall-import.ts","167","<callback>","if","!config","true | fallthrough"
"src/memory/application/recall-import.ts","178","<callback>","short-circuit","options.summarize ?? summarizeOpencodeSession","left determines | evaluate right"
"src/memory/application/recall-import.ts","185","<callback>","short-circuit","options.now ?? (() => new Date())","left determines | evaluate right"
"src/memory/application/recall-import.ts","186","<callback>","short-circuit","existing?.id ?? `recall_opencode_${session.session.id}`","left determines | evaluate right"
"src/memory/application/recall-import.ts","193","<callback>","short-circuit","session.session.title ?? session.session.slug ?? null","left determines | evaluate right"
"src/memory/application/recall-import.ts","193","<callback>","short-circuit","session.session.title ?? session.session.slug","left determines | evaluate right"
"src/memory/application/recall-import.ts","197","<callback>","short-circuit","existing?.firstIngestedAt ?? timestamp","left determines | evaluate right"
"src/memory/application/recall-import.ts","219","<callback>","ternary","existing","true | false"
"src/memory/application/recall-import.ts","234","fingerprintSession","short-circuit","session.session.title ?? null","left determines | evaluate right"
"src/memory/application/recall-import.ts","235","fingerprintSession","short-circuit","session.session.time?.updated ?? null","left determines | evaluate right"
"src/memory/application/recall-import.ts","248","toIso","ternary","typeof value === 'number'","true | false"
"src/memory/collectors/opencode-summary-config.ts","8","resolveSummaryConfig","if","!consolidation","true | fallthrough"
"src/memory/config.ts","87","<callback>","ternary","memoryDir","true | false"
"src/memory/config.ts","95","readConfigFile","if","!existsSync(path)","true | fallthrough"
"src/memory/config.ts","98","readConfigFile","ternary","isRecord(value)","true | false"
"src/memory/config.ts","99","readConfigFile","catch","cause","success | failure"
"src/memory/config.ts","134","resolveConsolidationConfig","ternary","isRecord(raw)","true | false"
"src/memory/config.ts","136","resolveConsolidationConfig","short-circuit","readNonEmptyString(record?.api_key) ?? environment.zenApiKey ?? environment.summaryApiKey ?? environment.consolidationApiKey ?? environment.openaiApiKey","left determines | evaluate right"
"src/memory/config.ts","136","resolveConsolidationConfig","short-circuit","readNonEmptyString(record?.api_key) ?? environment.zenApiKey ?? environment.summaryApiKey ?? environment.consolidationApiKey","left determines | evaluate right"
"src/memory/config.ts","136","resolveConsolidationConfig","short-circuit","readNonEmptyString(record?.api_key) ?? environment.zenApiKey ?? environment.summaryApiKey","left determines | evaluate right"
"src/memory/config.ts","136","resolveConsolidationConfig","short-circuit","readNonEmptyString(record?.api_key) ?? environment.zenApiKey","left determines | evaluate right"
"src/memory/config.ts","142","resolveConsolidationConfig","short-circuit","readNonEmptyString(record?.model) ?? environment.summaryModel ?? environment.consolidationModel ?? (apiKey ? DEFAULT_CONSOLIDATION_MODEL : undefined)","left determines | evaluate right"
"src/memory/config.ts","142","resolveConsolidationConfig","short-circuit","readNonEmptyString(record?.model) ?? environment.summaryModel ?? environment.consolidationModel","left determines | evaluate right"
"src/memory/config.ts","142","resolveConsolidationConfig","short-circuit","readNonEmptyString(record?.model) ?? environment.summaryModel","left determines | evaluate right"
"src/memory/config.ts","145","resolveConsolidationConfig","ternary","apiKey","true | false"
"src/memory/config.ts","146","resolveConsolidationConfig","if","!apiKey || !model","true | fallthrough"
"src/memory/config.ts","146","resolveConsolidationConfig","short-circuit","!apiKey || !model","left determines | evaluate right"
"src/memory/config.ts","150","resolveConsolidationConfig","short-circuit","readNonEmptyString(record?.api_url) ?? environment.summaryApiUrl ?? DEFAULT_CONSOLIDATION_API_URL","left determines | evaluate right"
"src/memory/config.ts","150","resolveConsolidationConfig","short-circuit","readNonEmptyString(record?.api_url) ?? environment.summaryApiUrl","left determines | evaluate right"
"src/memory/config.ts","181","optionRedacted","ternary","Option.isSome(value)","true | false"
"src/memory/config.ts","182","optionRedacted","short-circuit","readNonEmptyString(Redacted.value(value.value)) ?? undefined","left determines | evaluate right"
"src/memory/config.ts","187","optionString","short-circuit","readNonEmptyString(Option.getOrUndefined(value)) ?? undefined","left determines | evaluate right"
"src/memory/config.ts","191","readNonEmptyString","if","typeof value !== 'string'","true | fallthrough"
"src/memory/config.ts","193","readNonEmptyString","ternary","trimmed.length > 0","true | false"
"src/memory/config.ts","197","readPositiveInt","if","typeof value !== 'number' || !Number.isFinite(value)","true | fallthrough"
"src/memory/config.ts","197","readPositiveInt","short-circuit","typeof value !== 'number' || !Number.isFinite(value)","left determines | evaluate right"
"src/memory/config.ts","199","readPositiveInt","ternary","rounded > 0","true | false"
"src/memory/config.ts","203","readPositiveNumber","ternary","typeof value === 'number' && Number.isFinite(value) && value > 0","true | false"
"src/memory/config.ts","203","readPositiveNumber","short-circuit","typeof value === 'number' && Number.isFinite(value) && value > 0","left determines | evaluate right"
"src/memory/config.ts","203","readPositiveNumber","short-circuit","typeof value === 'number' && Number.isFinite(value)","left determines | evaluate right"
"src/memory/config.ts","209","normalizeSections","ternary","Array.isArray(value)","true | false"
"src/memory/config.ts","212","normalizeSections","ternary","provided.length > 0","true | false"
"src/memory/config.ts","213","normalizeSections","loop","DEFAULT_SECTIONS","each | empty/done"
"src/memory/config.ts","214","normalizeSections","if","sections.length >= 3","true | fallthrough"
"src/memory/config.ts","215","normalizeSections","if","!sections.includes(fallback)","true | fallthrough"
"src/memory/config.ts","217","normalizeSections","if","!sections.includes('Sessions')","true | fallthrough"
"src/memory/config.ts","222","isRecord","short-circuit","typeof value === 'object' && value !== null && !Array.isArray(value)","left determines | evaluate right"
"src/memory/config.ts","222","isRecord","short-circuit","typeof value === 'object' && value !== null","left determines | evaluate right"
"src/memory/domain/errors.ts","79","databaseBusyError","if","!cause || typeof cause !== 'object'","true | fallthrough"
"src/memory/domain/errors.ts","79","databaseBusyError","short-circuit","!cause || typeof cause !== 'object'","left determines | evaluate right"
"src/memory/domain/errors.ts","80","databaseBusyError","ternary","'code' in cause","true | false"
"src/memory/domain/errors.ts","81","databaseBusyError","ternary","code.includes('SQLITE_BUSY') || code.includes('SQLITE_LOCKED')","true | false"
"src/memory/domain/errors.ts","81","databaseBusyError","short-circuit","code.includes('SQLITE_BUSY') || code.includes('SQLITE_LOCKED')","left determines | evaluate right"
"src/memory/repository/consolidation-repository.ts","77","<callback>","if","existing","true | fallthrough"
"src/memory/repository/consolidation-repository.ts","79","<callback>","if","actualBoundary !== input.expectedBoundary","true | fallthrough"
"src/memory/repository/consolidation-repository.ts","99","<callback>","short-circuit","input.model ?? null","left determines | evaluate right"
"src/memory/repository/consolidation-repository.ts","108","<callback>","if","!inserted","true | fallthrough"
"src/memory/repository/consolidation-repository.ts","114","<callback>","ternary","cause instanceof ConsolidationConflictError","true | false"
"src/memory/repository/consolidation-repository.ts","116","<callback>","ternary","cause instanceof DecodeError","true | false"
"src/memory/repository/consolidation-repository.ts","118","<callback>","short-circuit","databaseBusyError('persist consolidation', cause) ?? new ConsolidationPersistenceError({ cause })","left determines | evaluate right"
"src/memory/repository/consolidation-repository.ts","149","<callback>","ternary","cause instanceof DecodeError","true | false"
"src/memory/repository/consolidation-repository.ts","151","<callback>","short-circuit","databaseBusyError('list consolidations', cause) ?? new ConsolidationPersistenceError({ cause })","left determines | evaluate right"
"src/memory/repository/consolidation-repository.ts","201","decodeRow","catch","cause","success | failure"
"src/memory/repository/journal-repository.ts","76","<callback>","short-circuit","databaseBusyError('read maximum journal sequence', cause) ?? new JournalAppendError({ cause })","left determines | evaluate right"
"src/memory/repository/journal-repository.ts","90","<callback>","short-circuit","databaseBusyError('append journal entry', cause) ?? new JournalAppendError({ cause })","left determines | evaluate right"
"src/memory/repository/journal-repository.ts","101","insertOrRead","short-circuit","input.id ?? crypto.randomUUID()","left determines | evaluate right"
"src/memory/repository/journal-repository.ts","102","insertOrRead","short-circuit","input.createdAt ?? new Date().toISOString()","left determines | evaluate right"
"src/memory/repository/journal-repository.ts","104","<callback>","if","input.idempotencyKey","true | fallthrough"
"src/memory/repository/journal-repository.ts","106","<callback>","if","existing","true | fallthrough"
"src/memory/repository/journal-repository.ts","119","<callback>","short-circuit","input.source ?? null","left determines | evaluate right"
"src/memory/repository/journal-repository.ts","120","<callback>","short-circuit","input.sourceProjectId ?? null","left determines | evaluate right"
"src/memory/repository/journal-repository.ts","121","<callback>","short-circuit","input.sourceSessionId ?? null","left determines | evaluate right"
"src/memory/repository/journal-repository.ts","122","<callback>","short-circuit","input.idempotencyKey ?? null","left determines | evaluate right"
"src/memory/repository/journal-repository.ts","123","<callback>","short-circuit","input.metadata ?? {}","left determines | evaluate right"
"src/memory/repository/journal-repository.ts","124","<callback>","short-circuit","input.payloadVersion ?? 1","left determines | evaluate right"
"src/memory/repository/journal-repository.ts","155","<callback>","ternary","through === undefined","true | false"
"src/memory/repository/journal-repository.ts","169","<callback>","short-circuit","databaseBusyError('list journal entries', cause) ?? new JournalAppendError({ cause })","left determines | evaluate right"
"src/memory/repository/journal-repository.ts","190","<callback>","short-circuit","databaseBusyError('read consolidation boundary', cause) ?? new JournalAppendError({ cause })","left determines | evaluate right"
"src/memory/repository/recall-repository.ts","80","<callback>","ternary","row","true | false"
"src/memory/repository/recall-repository.ts","83","<callback>","short-circuit","databaseBusyError('read recall source', cause) ?? new RecallSourceError({ cause })","left determines | evaluate right"
"src/memory/repository/recall-repository.ts","122","<callback>","short-circuit","existing?.first_ingested_at ?? value.source.firstIngestedAt","left determines | evaluate right"
"src/memory/repository/recall-repository.ts","133","<callback>","loop","value.messages","each | empty/done"
"src/memory/repository/recall-repository.ts","162","<callback>","short-circuit","databaseBusyError('persist recall import', cause) ?? new RecallIngestionError({ cause })","left determines | evaluate right"
"src/memory/repository/recall-repository.ts","192","<callback>","short-circuit","databaseBusyError('search recall evidence', cause) ?? new RecallSourceError({ cause })","left determines | evaluate right"
"src/sdk/graph.ts","12","list_all_tasks","loop","cursor","iterate | exit"
"src/sdk/graph.ts","25","collect_descendants","loop","tasks","each | empty/done"
"src/sdk/graph.ts","26","collect_descendants","if","!task.parentId","true | fallthrough"
"src/sdk/graph.ts","27","collect_descendants","short-circuit","byParent.get(task.parentId) ?? []","left determines | evaluate right"
"src/sdk/graph.ts","33","collect_descendants","short-circuit","byParent.get(parentId) ?? []","left determines | evaluate right"
"src/sdk/graph.ts","34","collect_descendants","loop","queue.length > 0","iterate | exit"
"src/sdk/graph.ts","36","collect_descendants","if","!current","true | fallthrough"
"src/sdk/graph.ts","39","collect_descendants","if","children","true | fallthrough"
"src/sdk/graph.ts","48","collect_ancestors","loop","current?.parentId","iterate | exit"
"src/sdk/graph.ts","60","query_task_graph","if","query === 'children'","true | fallthrough"
"src/sdk/graph.ts","69","query_task_graph","if","query === 'ancestors'","true | fallthrough"
"src/sdk/index.ts","63","<callback>","short-circuit","finalStatus.pluginDirExists && finalStatus.dbFileExists","left determines | evaluate right"
"src/sdk/index.ts","71","<callback>","short-circuit","options.includeDeleted === true || options.status === 'deleted'","left determines | evaluate right"
"src/sdk/index.ts","89","<callback>","ternary","task","true | false"
"src/sdk/index.ts","126","<callback>","if","nextStatus === 'deleted'","true | fallthrough"
"src/sdk/index.ts","133","<callback>","if","!task","true | fallthrough"
"src/sdk/index.ts","141","<callback>","ternary","nextStatus === 'completed'","true | false"
"src/sdk/index.ts","162","<callback>","short-circuit","step.summary ?? undefined","left determines | evaluate right"
"src/sdk/index.ts","163","<callback>","short-circuit","step.notes ?? undefined","left determines | evaluate right"
"src/sdk/index.ts","177","<callback>","if","!Number.isFinite(parsedStepId)","true | fallthrough"
"src/sdk/index.ts","186","<callback>","short-circuit","input.summary ?? undefined","left determines | evaluate right"
"src/sdk/index.ts","188","<callback>","short-circuit","input.notes ?? undefined","left determines | evaluate right"
"src/sdk/index.ts","196","<callback>","ternary","input.stepId","true | false"
"src/sdk/index.ts","197","<callback>","if","input.stepId && !Number.isFinite(stepId)","true | fallthrough"
"src/sdk/index.ts","197","<callback>","short-circuit","input.stepId && !Number.isFinite(stepId)","left determines | evaluate right"
"src/sdk/index.ts","213","<callback>","if","input.kind === 'discovery'","true | fallthrough"
"src/sdk/index.ts","225","<callback>","short-circuit","input.rationale ?? undefined","left determines | evaluate right"
"src/task/collection-patch.ts","5","normalize_id","ternary","typeof id === 'string'","true | false"
"src/task/collection-patch.ts","6","normalize_id","if","!Number.isFinite(value)","true | fallthrough"
"src/task/collection-patch.ts","28","patch_collection","if","!patch","true | fallthrough"
"src/task/collection-patch.ts","32","patch_collection","if","patch.delete && patch.delete.length > 0","true | fallthrough"
"src/task/collection-patch.ts","32","patch_collection","short-circuit","patch.delete && patch.delete.length > 0","left determines | evaluate right"
"src/task/collection-patch.ts","36","patch_collection","loop","deleteIds","each | empty/done"
"src/task/collection-patch.ts","38","patch_collection","if","!exists","true | fallthrough"
"src/task/collection-patch.ts","48","patch_collection","loop","deleteIds","each | empty/done"
"src/task/collection-patch.ts","53","patch_collection","if","patch.update && patch.update.length > 0","true | fallthrough"
"src/task/collection-patch.ts","53","patch_collection","short-circuit","patch.update && patch.update.length > 0","left determines | evaluate right"
"src/task/collection-patch.ts","54","patch_collection","loop","patch.update","each | empty/done"
"src/task/collection-patch.ts","57","patch_collection","if","index === -1","true | fallthrough"
"src/task/collection-patch.ts","64","patch_collection","if","!current","true | fallthrough"
"src/task/collection-patch.ts","74","patch_collection","if","patch.add && patch.add.length > 0","true | fallthrough"
"src/task/collection-patch.ts","74","patch_collection","short-circuit","patch.add && patch.add.length > 0","left determines | evaluate right"
"src/task/notes.repository.ts","23","add_discovery","short-circuit","input.source ?? 'system'","left determines | evaluate right"
"src/task/notes.repository.ts","24","add_discovery","short-circuit","input.impact ?? null","left determines | evaluate right"
"src/task/notes.repository.ts","52","add_decision","short-circuit","input.rationale ?? null","left determines | evaluate right"
"src/task/notes.repository.ts","53","add_decision","short-circuit","input.source ?? 'system'","left determines | evaluate right"
"src/task/notes.repository.ts","54","add_decision","short-circuit","input.impact ?? null","left determines | evaluate right"
"src/task/steps.repository.ts","27","<callback>","short-circuit","s.description ?? s.details ?? ''","left determines | evaluate right"
"src/task/steps.repository.ts","27","<callback>","short-circuit","s.description ?? s.details","left determines | evaluate right"
"src/task/steps.repository.ts","28","<callback>","short-circuit","s.position ?? 0","left determines | evaluate right"
"src/task/steps.repository.ts","31","<callback>","short-circuit","s.status ?? 'pending'","left determines | evaluate right"
"src/task/steps.repository.ts","32","<callback>","short-circuit","s.notes ?? null","left determines | evaluate right"
"src/task/steps.repository.ts","38","add_steps","if","currentStep === null && allSteps.length > 0","true | fallthrough"
"src/task/steps.repository.ts","38","add_steps","short-circuit","currentStep === null && allSteps.length > 0","left determines | evaluate right"
"src/task/steps.repository.ts","40","add_steps","short-circuit","firstPending?.id ?? null","left determines | evaluate right"
"src/task/steps.repository.ts","62","complete_step","short-circuit","input.step_id ?? task.current_step","left determines | evaluate right"
"src/task/steps.repository.ts","63","complete_step","if","stepId === null","true | fallthrough"
"src/task/steps.repository.ts","72","complete_step","if","stepIndex === -1","true | fallthrough"
"src/task/steps.repository.ts","77","complete_step","if","existingStep.status === 'completed'","true | fallthrough"
"src/task/steps.repository.ts","88","complete_step","short-circuit","existingStep.description ?? existingStep.details ?? ''","left determines | evaluate right"
"src/task/steps.repository.ts","88","complete_step","short-circuit","existingStep.description ?? existingStep.details","left determines | evaluate right"
"src/task/steps.repository.ts","89","complete_step","short-circuit","existingStep.position ?? 0","left determines | evaluate right"
"src/task/steps.repository.ts","93","complete_step","short-circuit","input.notes ?? existingStep.notes","left determines | evaluate right"
"src/task/steps.repository.ts","97","complete_step","loop","updatedSteps","each | empty/done"
"src/task/steps.repository.ts","98","complete_step","if","step.status === 'pending'","true | fallthrough"
"src/task/steps.repository.ts","124","update_step","if","stepIndex === -1","true | fallthrough"
"src/task/steps.repository.ts","134","update_step","ternary","input.description !== undefined","true | false"
"src/task/steps.repository.ts","136","update_step","ternary","input.details !== undefined","true | false"
"src/task/steps.repository.ts","138","update_step","short-circuit","existingStep.description ?? existingStep.details ?? ''","left determines | evaluate right"
"src/task/steps.repository.ts","138","update_step","short-circuit","existingStep.description ?? existingStep.details","left determines | evaluate right"
"src/task/steps.repository.ts","140","update_step","ternary","input.details !== undefined","true | false"
"src/task/steps.repository.ts","144","update_step","short-circuit","input.title ?? existingStep.title","left determines | evaluate right"
"src/task/steps.repository.ts","147","update_step","ternary","input.position !== undefined","true | false"
"src/task/steps.repository.ts","148","update_step","short-circuit","input.summary ?? existingStep.summary","left determines | evaluate right"
"src/task/steps.repository.ts","150","update_step","short-circuit","input.status ?? existingStep.status","left determines | evaluate right"
"src/task/steps.repository.ts","151","update_step","ternary","input.notes !== undefined","true | false"
"src/task/steps.repository.ts","168","requireStep","if","!step","true | fallthrough"
"src/task/tasks.repository.list.ts","37","decode_cursor","if","!cursor","true | fallthrough"
"src/task/tasks.repository.list.ts","45","decode_cursor","if","parsed.sortValue === undefined || parsed.id === undefined","true | fallthrough"
"src/task/tasks.repository.list.ts","45","decode_cursor","short-circuit","parsed.sortValue === undefined || parsed.id === undefined","left determines | evaluate right"
"src/task/tasks.repository.list.ts","46","decode_cursor","if","typeof parsed.id !== 'string' || parsed.id.length === 0","true | fallthrough"
"src/task/tasks.repository.list.ts","46","decode_cursor","short-circuit","typeof parsed.id !== 'string' || parsed.id.length === 0","left determines | evaluate right"
"src/task/tasks.repository.list.ts","52","decode_cursor","catch","cause","success | failure"
"src/task/tasks.repository.list.ts","60","build_list_where","short-circuit","filters.includeDeleted === true || filters.status === 'deleted'","left determines | evaluate right"
"src/task/tasks.repository.list.ts","62","build_list_where","if","!includeDeleted","true | fallthrough"
"src/task/tasks.repository.list.ts","66","build_list_where","if","!filters.status","true | false"
"src/task/tasks.repository.list.ts","73","build_list_where","if","filters.type","true | fallthrough"
"src/task/tasks.repository.list.ts","77","build_list_where","if","filters.parent_id !== undefined","true | fallthrough"
"src/task/tasks.repository.list.ts","79","build_list_where","ternary","filters.parent_id === null","true | false"
"src/task/tasks.repository.list.ts","98","resolve_list_sort","short-circuit","filters.sort ?? 'priority'","left determines | evaluate right"
"src/task/tasks.repository.list.ts","100","resolve_list_sort","ternary","sortKey === 'priority'","true | false"
"src/task/tasks.repository.list.ts","102","resolve_list_sort","ternary","sortKey === 'updatedAt'","true | false"
"src/task/tasks.repository.list.ts","109","resolve_list_sort","ternary","filters.order === 'desc'","true | false"
"src/task/tasks.repository.list.ts","110","resolve_list_sort","ternary","filters.limit && filters.limit > 0","true | false"
"src/task/tasks.repository.list.ts","110","resolve_list_sort","short-circuit","filters.limit && filters.limit > 0","left determines | evaluate right"
"src/task/tasks.repository.list.ts","125","append_cursor_where","ternary","sortOrder === 'desc'","true | false"
"src/task/tasks.repository.list.ts","126","append_cursor_where","if","sortKey !== 'priority'","true | fallthrough"
"src/task/tasks.repository.list.ts","133","append_cursor_where","if","cursor.secondarySortValue !== undefined","true | fallthrough"
"src/task/tasks.repository.list.ts","155","build_next_cursor","ternary","sortKey === 'priority'","true | false"
"src/task/tasks.repository.list.ts","157","build_next_cursor","ternary","sortKey === 'updatedAt'","true | false"
"src/task/tasks.repository.list.ts","164","build_next_cursor","ternary","sortKey === 'priority'","true | false"
"src/task/tasks.repository.list.ts","176","list_tasks","if","cursor","true | fallthrough"
"src/task/tasks.repository.list.ts","180","list_tasks","ternary","sortOrder === 'desc'","true | false"
"src/task/tasks.repository.list.ts","183","list_tasks","ternary","where.length > 0","true | false"
"src/task/tasks.repository.list.ts","185","list_tasks","ternary","sortKey === 'priority'","true | false"
"src/task/tasks.repository.list.ts","195","list_tasks","ternary","hasMore","true | false"
"src/task/tasks.repository.list.ts","198","list_tasks","if","!hasMore","true | fallthrough"
"src/task/tasks.repository.list.ts","203","list_tasks","ternary","last","true | false"
"src/task/tasks.repository.list.ts","219","list_tasks_by_statuses","if","filters.statuses.length > 0","true | fallthrough"
"src/task/tasks.repository.list.ts","223","list_tasks_by_statuses","if","filters.parent_id !== undefined","true | fallthrough"
"src/task/tasks.repository.list.ts","224","list_tasks_by_statuses","if","filters.parent_id === null","true | false"
"src/task/tasks.repository.ts","30","task_exists","short-circuit","row?.count ?? 0","left determines | evaluate right"
"src/task/tasks.repository.ts","38","require_task","if","!task","true | fallthrough"
"src/task/tasks.repository.ts","49","validate_blockers","if","blockers.length === 0","true | fallthrough"
"src/task/tasks.repository.ts","65","validate_parent_exists","if","!parent_id","true | fallthrough"
"src/task/tasks.repository.ts","67","validate_parent_exists","if","!parentExists","true | fallthrough"
"src/task/tasks.repository.ts","78","has_open_blockers","if","task.blocked_by.length === 0","true | fallthrough"
"src/task/tasks.repository.ts","96","create_task","ternary","input.status === 'completed'","true | false"
"src/task/tasks.repository.ts","97","create_task","short-circuit","input.blocked_by ?? []","left determines | evaluate right"
"src/task/tasks.repository.ts","104","create_task","if","missingBlockers.length > 0","true | fallthrough"
"src/task/tasks.repository.ts","118","create_task","short-circuit","input.status ?? 'open'","left determines | evaluate right"
"src/task/tasks.repository.ts","120","create_task","short-circuit","input.intent ?? null","left determines | evaluate right"
"src/task/tasks.repository.ts","121","create_task","short-circuit","input.description ?? null","left determines | evaluate right"
"src/task/tasks.repository.ts","122","create_task","short-circuit","input.plan ?? null","left determines | evaluate right"
"src/task/tasks.repository.ts","129","create_task","short-circuit","input.parent_id ?? null","left determines | evaluate right"
"src/task/tasks.repository.ts","137","create_task","if","!row","true | fallthrough"
"src/task/tasks.repository.ts","153","ensure_task","if","!task","true | fallthrough"
"src/task/tasks.repository.ts","159","update_task","if","input.parent_id !== undefined","true | fallthrough"
"src/task/tasks.repository.ts","163","update_task","if","input.blocked_by !== undefined","true | fallthrough"
"src/task/tasks.repository.ts","164","update_task","short-circuit","input.blocked_by ?? []","left determines | evaluate right"
"src/task/tasks.repository.ts","165","update_task","short-circuit","input.blocked_by ?? []","left determines | evaluate right"
"src/task/tasks.repository.ts","166","update_task","if","missingBlockers.length > 0","true | fallthrough"
"src/task/tasks.repository.ts","177","update_task","if","input.steps","true | fallthrough"
"src/task/tasks.repository.ts","184","update_task","if","input.discoveries","true | fallthrough"
"src/task/tasks.repository.ts","192","update_task","if","input.decisions","true | fallthrough"
"src/task/tasks.repository.ts","197","update_task","if","Object.keys(updates).length === 0","true | fallthrough"
"src/task/tasks.repository.ts","206","update_task","if","!row","true | fallthrough"
"src/task/tasks.repository.ts","218","get_task","ternary","row","true | false"
"src/task/tasks.repository.ts","232","delete_task","if","!row","true | fallthrough"
"src/task/tasks.repository.ts","244","complete_task","if","openBlockers.length > 0","true | fallthrough"
"src/task/util.ts","14","dir_exists","catch","cause","success | failure"
"src/task/util.ts","23","file_exists","catch","cause","success | failure"
"src/task/util.ts","47","init_project","if","!(await dir_exists(continuumDir(directory)))","true | fallthrough"
"src/workspace/resolve.ts","29","resolveWorkspaceContext","short-circuit","options.startDir ?? process.cwd()","left determines | evaluate right"
"src/workspace/resolve.ts","30","resolveWorkspaceContext","ternary","options.cwd","true | false"
"src/workspace/resolve.ts","33","resolveWorkspaceContext","short-circuit","requestedCwd ?? invocationCwd","left determines | evaluate right"
"src/workspace/resolve.ts","58","resolveFrom","if","isAbsolute(value)","true | fallthrough"
"src/workspace/resolve.ts","67","findWorkspaceRoot","loop","true","iterate | exit"
"src/workspace/resolve.ts","68","findWorkspaceRoot","if","isWorkspaceRoot(current)","true | fallthrough"
"src/workspace/resolve.ts","72","findWorkspaceRoot","if","parent === current","true | fallthrough"
"src/workspace/resolve.ts","81","isWorkspaceRoot","short-circuit","hasDirectory(join(directory, CONTINUUM_DIR_NAME)) || hasGitMarker(directory)","left determines | evaluate right"
"src/workspace/resolve.ts","87","hasGitMarker","if","!existsSync(gitPath)","true | fallthrough"
"src/workspace/resolve.ts","96","hasDirectory","catch","cause","success | failure"
"src/workspace/resolve.ts","104","resolveDefaultOpencodeDbPath","short-circuit","dataHome ?? join(homedir(), '.local', 'share')","left determines | evaluate right"
